Kod;Produktgrupp;Artikelnr;RSK-nr;Benämning;Rabatt;Rabatt2;NtoPris;ArtRabatt
V;300106;;;Kraftkabel Pe Och Pex Nexans;81,44;;;;
V;300120;;;Kraftkabel Brandsäker Nexans;86,09;;;;
V;300121;;;Kraftkabel EXQJ/FXQJ 2,5-16 Nexans;71,10;;;;
V;300122;;;Kraftkabel FXQJ EMC 2,5-35 Nexans;68,09;;;;
V;300124;;;Kraftkabel FXQJ EMC 50-300 Nexans;68,01;;;;
V;300127;;;AXQJ EASY 50-300 NEXANS;73,02;;;;
V;300132;;;Kraftkabel FXQ Easy Nexans;67,37;;;;
V;300134;;;Kraftkabel AXQ Infra Nexans;59,80;;;;
V;300138;;;MXQ Nexans;59,00;;;;
V;300140;;;AXQ  Nexans;56,00;;;;
V;300206;;;Kraftkabel PE Och PEX NKT;78,00;;;;
V;300208;;;RV-K NKT;39,80;;;;
V;300220;;;Kraftkabel RXQ NKT;74,36;;;;
V;300222;;;Kraftkabel EXQJ NKT;69,60;;;;
V;300224;;;Kraftkabel FXQJ 2,5-35 NKT;69,29;;;;
V;300226;;;Kraftkabel FXQJ 50-240 NKT;74,62;;;;
V;300228;;;Kraftkabel AXQJ 4-ledare NKT;72,46;;;;
V;300230;;;Kraftkabel AXQJ 3-ledare NKT;70,48;;;;
V;300232;;;Kraftkabel AXQJ Fullskärm NKT;65,47;;;;
V;300502;;;Kraftkabel Marin;64,13;;;;
V;300990;;;Solar Plus Kraftkabel RV;75,00;;;;
V;300991;;;Plus;80,00;;;;
V;300994;;;Solar Netto;50,00;;;;
V;300995;;;Solar Plus;75,00;;;;
V;301120;;;Styrkabel FQQR Nexans;58,00;;;;
V;301122;;;Styrkabel EQQR Nexans;58,00;;;;
V;301124;;;Styrkabel EQFR Nexans;60,99;;;;
V;301126;;;Styrkabel EQLR Nexans;60,99;;;;
V;301128;;;Styrkabel FQFR Nexans;57,80;;;;
V;301130;;;Styrkabel FQAR-G Nexans;56,00;;;;
V;301132;;;Styrkabel FQAR-PG Nexans;62,91;;;;
V;301134;;;Styrkabel FQAR-TG Nexans;55,61;;;;
V;301136;;;Styrkabel FQAR-PI Nexans;53,02;;;;
V;301138;;;Styrkabel FQAR-PIG Nexans;56,15;;;;
V;301200;;;Styrkabel Halogenfri NKT;77,72;;;;
V;301220;;;Styrkabel EQFR NKT ;61,00;;;;
V;301222;;;Styrkabel EQLR NKT;60,46;;;;
V;301224;;;Styrkabel EQQR NKT;59,00;;;;
V;301226;;;Styrkabel FQFR NKT;58,00;;;;
V;301500;;;Marin;61,73;;;;
V;301994;;;Solar Netto;50,00;;;;
V;301995;;;Solar Plus;75,00;;;;
V;302100;;;Flexibel styrkabel Y YSY;80,64;;;;
V;302200;;;Styr - Maskinkabel Flex Concab;84,04;;;;
V;302300;;;Styr - Maskinkabel Flex Hf Rutab;78,30;;;;
V;302302;;;Styr - Maskinkabel Flex Rutab;81,72;;;;
V;302304;;;Styr - Maskinkabel Högflex Rutab;82,23;;;;
V;302312;;;Ölflex 110 Skärmad HF LAPP;70,79;;;;
V;302316;;;Ölflex 110 Skärmad Svart LAPP;70,34;;;;
V;302318;;;Ölflex 110 HF LAPP;70,79;;;;
V;302320;;;Ölflex 115 Skärmad LAPP;72,18;;;;
V;302322;;;Ölflex 130 HF LAPP;72,61;;;;
V;302324;;;Ölflex 130 HF Svart LAPP;71,29;;;;
V;302326;;;Ölflex 135 Skärmad HF LAPP;72,61;;;;
V;302328;;;Ölflex 135 Skärmad HF Svart lapp LAPP;71,71;;;;
V;302330;;;Ölflex 855 Högflexibel Skärmad LAPP;70,99;;;;
V;302332;;;Ölflex 855 Högflexibel LAPP;71,71;;;;
V;302334;;;Ölflex 400 Pur LAPP;71,40;;;;
V;302336;;;Ölflex 400 Pur Skärmad LAPP;71,40;;;;
V;302338;;;Ölflex 210 Robust LAPP;67,61;;;;
V;302340;;;Ölflex 215 Robust Skärmad LAPP;66,54;;;;
V;302400;;;Styr - Maskinkabel Flex Solar;78,27;;;;
V;302402;;;Flexibel skärmad styrkabel;78,01;;;;
V;302404;;;Flexibel oskärmad styrkabel;80,56;;;;
V;302406;;;Flexibel HF styrkabel;58,80;;;;
V;302408;;;Flexibel skärmad HF styrkabel;58,80;;;;
V;302410;;;Flexibel styrkabel XCH;52,94;;;;
V;302412;;;Flexibel styrkabel XH;58,80;;;;
V;302416;;;PUR oskärmad styrkabel;55,68;;;;
V;302418;;;PUR skärmad styrkabel;56,51;;;;
V;302422;;;Solar Cable UL/CSA Helu kabel;68,28;;;;
V;302500;;;Ölflex Servo LAPP;71,24;;;;
V;302502;;;Ölflex 100 LAPP;71,28;;;;
V;302504;;;Ölflex 100 Skärmad LAPP;70,79;;;;
V;302506;;;Ölflex 110 LAPP;72,67;;;;
V;302508;;;Ölflex 110 Svart LAPP;70,34;;;;
V;302510;;;Ölflex 110 Skärmad LAPP;70,79;;;;
V;302512;;;Ölflex 140 LAPP;68,28;;;;
V;302514;;;Ölflex 140 Skärmad LAPP;70,13;;;;
V;302516;;;Ölflex FD 810 LAPP;72,31;;;;
V;302518;;;Ölflex FD 810 Skärmad LAPP;68,28;;;;
V;302524;;;Ölflex 150 LAPP;73,23;;;;
V;302994;;;Solar Netto;50,00;;;;
V;302995;;;Solar Plus;75,00;;;;
V;303102;;;Kopplingskabel RK MK Nexans;84,40;;;;
V;303120;;;Kopplingskabel RQ 0,5-16 Nexans;64,00;;;;
V;303122;;;Kopplingskabel RQ FT 0,75-2,5 Nexans;59,11;;;;
V;303126;;;RQQ Nexans;61,28;;;;
V;303128;;;RQ FT Gräsklipparkabel Nexans;45,18;;;;
V;303300;;;QnE Diverse QnE PM Flex PM6C2;73,50;;;;
V;303302;;;QnE RQ QnE PM Flex PM6B2;63,50;;;;
V;303400;;;Kopplingskabel Värmebeständig Rutab;80,07;;;;
V;303402;;;Kabel solpanel Rutab;67,04;;;;
V;303505;;;RQ 0,5-16 Solar;59,38;;;;
V;303510;;;RQ 25-400 Solar;61,62;;;;
V;303512;;;RQ 90 0,5 - 2,5 Solar;52,15;;;;
V;303513;;;RQ 90 4-35 Solar;55,00;;;;
V;303514;;;Texiline 0,5-2,5 Solar;45,92;;;;
V;303515;;;Texiline 4-185 Solar;46,94;;;;
V;303600;;;RK UL/CSA  LAPP;58,68;;;;
V;303994;;;Solar Netto;50,00;;;;
V;303995;;;Solar Plus;75,00;;;;
V;304120;;;Inst.Ledning FQ Easy Nexans;65,74;;;;
V;304122;;;Inst.Ledning FQ Easy tvinnad Nexans;60,26;;;;
V;304124;;;Inst.Ledning EXQ Easy Nexans;66,12;;;;
V;304126;;;Inst.Ledning EQLQ Easy Nexans;66,84;;;;
V;304128;;;Inst.Ledning FQLQ Nexans;64,83;;;;
V;304130;;;Inst.Ledning EQRQ Nexans;67,89;;;;
V;304132;;;Inst. Ledning FQQ Nexans;59,50;;;;
V;304134;;;Inst. Ledning MQQ Nexans;49,55;;;;
V;304136;;;Alsecure EQLQ Nexans;48,22;;;;
V;304222;;;Inst.Ledning EXQ Xtra NKT;70,16;;;;
V;304224;;;Inst.Ledning EXLQ Xtra NKT;71,41;;;;
V;304226;;;Inst.Ledning FXLQ Xtra NKT;62,00;;;;
V;304228;;;Inst.Ledning FQ Xtra NKT;53,66;;;;
V;304401;;;QnE FQ/RQ QnE PM Flex PM6B1;59,50;;;;
V;304402;;;QnE FQ QnE PM Flex PM6B2;59,00;;;;
V;304403;;;QnE Diverse QnE PM Flex PM6C1;59,00;;;;
V;304404;;;QnE Diverse QnE EXQ-Light PM Flex PM6C2;59,00;;;;
V;304500;;;Funktionssäker kabel Rutab;80,32;;;;
V;304990;;;Solar Plus Inst ledning EXQ;75,00;;;;
V;304991;;;Solar Plus Inst ledning EXLQ;75,00;;;;
V;304992;;;Solar Plus EXQ TT;80,00;;;;
V;304994;;;Solar Netto;50,00;;;;
V;304995;;;Solar Plus;75,00;;;;
V;305102;;;Anslutningsledning PVC Nexans;81,56;;;;
V;305104;;;Gummikabel Klen Titanex Nexans;80,32;;;;
V;305106;;;Gummikabel Tung Titanex Nexans;74,30;;;;
V;305110;;;Svetskabel Nexans;79,02;;;;
V;305112;;;Solcellskabel Nexans;41,12;;;;
V;305200;;;Anlutningsledning Hf NKT;75,11;;;;
V;305204;;;Solcellskabel NKT;54,50;;;;
V;305300;;;QnE Diverse QnE H1Z2Z2-K PM Flex PM6C2;76,20;;;;
V;305402;;;Kran - Flatkabel;81,39;;;;
V;305406;;;Anslutningsledning Värmebeständig;80,04;;;;
V;305408;;;Svetskabel;53,74;;;;
V;305410;;;Krankabel rund Faber;50,40;;;;
V;305411;;;Krankabel flat Faber;50,40;;;;
V;305500;;;Gummikabel Solar;77,90;;;;
V;305502;;;Solpanel kabel;78,84;;;;
V;305504;;;Gummikabel Hav/Sjö 1,5-25;49,29;;;;
V;305508;;;Motorkabel Solar Cable;48,98;;;;
V;305510;;;Gummikabel 90ggr Solar;45,92;;;;
V;305600;;;Anslutningskabel Rutab;71,30;;;;
V;305602;;;Kran - Flatkabel Rutab;81,40;;;;
V;305604;;;Anslutningskabel, Motor Rutab;78,59;;;;
V;305606;;;Anslutningskabel TPPU Rutab;68,69;;;;
V;305620;;;Dricksvattenkabel;73,11;;;;
V;305702;;;Solcellskabel  Melbye;52,04;;;;
V;305994;;;Solar Netto;50,00;;;;
V;305995;;;Solar Plus;75,00;;;;
V;306101;;;Korrugerade kabelrör Pipelife X;56,96;;;;
V;306102;;;Korrugerade kabelrör Pipelife;50,32;;;;
V;306104;;;DV rör Pipelife;51,04;;;;
V;306105;;;SRN rör Pipelife;33,36;;;;
V;306106;;;Tillbehör DV/SRS/SRE Pipelife;68,24;;;;
V;306107;;;Flexböj Svart Pipelife;36,73;;;;
V;306108;;;Tillbehör Brunnslock etc Pipelife;66,17;;;;
V;306110;;;SRE-P rör Pipelife;48,06;;;;
V;306112;;;Pem kabelrör Pipelife;39,38;;;;
V;306114;;;SRS rör Pipelife;32,58;;;;
V;306116;;;Markeringsband nät Pipelife;36,82;;;;
V;306118;;;Kabelrör SPN/SPP Pipelife;39,38;;;;
V;306120;;;Optokanalisation Pipelife;43,06;;;;
V;306122;;;Kabelrör delbara Pipelife;52,56;;;;
V;306126;;;Manchetter Pipelife;68,62;;;;
V;306128;;;UV SRS/SRE Pipelife;33,06;;;;
V;306130;;;Fästen Pipelife;12,34;;;;
V;306132;;;Tele rör PVC Pipelife;56,60;;;;
V;306134;;;Böj/Skarv orange Pipelife;33,32;;;;
V;306150;;;Varningsnät Expo-Net;35,20;;;;
V;306160;;;Kabelskydd & tbh ABB;51,02;;;;
V;306162;;;Kabelskydd I ABB;51,73;;;;
V;306164;;;Kabelskydd ll ABB;48,47;;;;
V;306200;;;Potential-/skyddsutjämningssystem OBO;61,21;;;;
V;306201;;;Åskskyddssystem OBO;62,07;;;;
V;306202;;;Tbh Åskskyddssystem OBO;63,70;;;;
V;306204;;;Jordningssystem OBO;68,42;;;;
V;306206;;;Skensystem OBO;57,31;;;;
V;306208;;;Kabelhållarsystem skärm OBO;54,05;;;;
V;306210;;;Plugg OBO;52,50;;;;
V;306212;;;Monteringssystem OBO;58,54;;;;
V;306220;;;Fundanmentjordning RD, FL, Klämmor DEHN;53,43;;;;
V;306222;;;Potentialutjämning Skenor, Band DEHN;55,10;;;;
V;306224;;;Yttre åskskydd RD8 AL CU Takfäste DEHN;53,43;;;;
V;306226;;;Jordtagsspett klämmor DEHN;54,08;;;;
V;306250;;;SRE Evopipe Evopipes;55,65;;;;
V;306251;;;SRN Evopipe Evopipes;57,02;;;;
V;306252;;;SRS Evopipe Evopipes;58,98;;;;
V;306253;;;Tillbehör Evopipe Evopipes;59,19;;;;
V;306254;;;SRE TÄTA Evopipes;55,87;;;;
V;306300;;;Optokanalisation Melbye;64,11;;;;
V;306304;;;Varningsnät Melbye;66,83;;;;
V;306306;;;PROtrough 350 Melbye;38,42;;;;
V;306400;;;Kabelskydd tillbehör PM9F1;63,68;;;;
V;306401;;;Kabelskydd tillbehör PM9F2;62,60;;;;
V;306402;;; AKK/AKS/AKÖ PM9P2;62,16;;;;
V;306403;;;Grenklämma PM9P2;64,27;;;;
V;306404;;;Flexibelt kabelskydd PM9P2;63,67;;;;
V;306410;;;Kabelskydd Rak  PM Flex PM9A1;61,71;;;;
V;306411;;;Kabelskydd Rak  PM Flex PM9A2;60,93;;;;
V;306413;;;Kabelskydd böj PM9B2;60,93;;;;
V;306415;;;Kabelskydd avslut PM9C2;65,50;;;;
V;306417;;;Kabelskydd T-Kors PM9D2;60,91;;;;
V;306419;;;Kabelskydd rak PM9L2;60,91;;;;
V;306420;;;Kabelskydd Skarv PM Flex;38,07;;;;
V;306421;;;Kabelskydd Snabbfäste PM Flex;38,07;;;;
V;306450;;;HEXATRONIC VARNINGSNÄT;70,73;;;;
V;306700;;;Optokanlisation Wavin N;45,00;;;;
V;306706;;;Optokanlisation Wavin 42;43,62;;;;
V;306710;;;Optokanalisation ochTbh Wavin 47;55,66;;;;
V;306714;;;OptokanalisationTbh Wavin 42;30,87;;;;
V;306800;;;Häng- och spänndon Scandicwire;66,86;;;;
V;306806;;;Najtråd Scandicwire;64,89;;;;
V;306850;;;Varningsskyltar;65,86;;;;
V;306855;;;Informations och varningsskyltar Rutab;61,80;;;;
V;306902;;;Stag & Najningsmateriel Ensto;61,85;;;;
V;306904;;;Stag & Najningsmtrl Scandicwire;85,59;;;;
V;306910;;;Skyltar II Hammarprodukter;63,06;;;;
V;306914;;;Skyltar I Hammarprodukter;68,66;;;;
V;306916;;;Potentialutjämningsmtr Elrond;63,27;;;;
V;306920;;;Potentialutjämningsmtr MP;62,20;;;;
V;306922;;;Potentialutjämningsmtr ABB;63,35;;;;
V;306926;;;Skyltar III Hammarprodukter;60,09;;;;
V;306928;;;Stag & najningsmateriel Wibe SO;38,91;;;;
V;306930;;;Pot.utj Eldon;77,44;;;;
V;306932;;;Potentialutjämningsmtr Ensto;58,87;;;;
V;306936;;;Skyltar Hammarprodukter;65,28;;;;
V;306990;;;Solar Plus Potentialutj.;50,00;;;;
V;306991;;;Solar Plus Najtråd och Rör;50,00;;;;
V;306992;;;Plus;50,00;;;;
V;306994;;;Solar Netto;50,00;;;;
V;306995;;;Solar Plus Kabelskydd;50,00;;;;
V;307100;;;Anslutningsdon ABB;53,68;;;;
V;307102;;;Brytare Elkopplare ABB;53,56;;;;
V;307104;;;Fördelningscentraler ABB;54,22;;;;
V;307106;;;Tbh Kabelskåp ABB;54,67;;;;
V;307108;;;Säkringslastbrytare ABB;52,13;;;;
V;307120;;;Tejp Aerosoler Kabeldon;64,38;;;;
V;307122;;;Kabelskåp - Fundament Kabeldon;56,00;;;;
V;307140;;;Säkringslastbrytarre ABB;51,09;;;;
V;307200;;;Kabelskarvar Melbye;57,35;;;;
V;307202;;;Krympslang Melbye;65,59;;;;
V;307203;;;Övergång Melbye;43,16;;;;
V;307300;;;Tejp Nitto;68,00;;;;
V;307303;;;Tesa I;58,32;;;;
V;307305;;;Tesa II;55,10;;;;
V;307350;;;Kabelskåp Garo;70,50;;;;
V;307352;;;Kabelskåp tillbehör Garo;69,00;;;;
V;307400;;;Tejp/Aerosoler 3M;65,50;;;;
V;307402;;;Kabelskarvar 3M;54,38;;;;
V;307500;;;Markskåp C3 Connect;51,36;;;;
V;307502;;;Markskåp C3 Connect Telia;47,89;;;;
V;307600;;;PV-Slang;75,29;;;;
V;307601;;;HF-Slang Hellermann Tyton;74,49;;;;
V;307602;;;Krympslang Hellermann;69,18;;;;
V;307604;;;Kabelskarvar Hellermann;58,03;;;;
V;307650;;;Kabelskarvar Elpress;55,43;;;;
V;307750;;;E-Mobility skåp Garo;67,00;;;;
V;307904;;;Krympslang Tykoflex;31,22;;;;
V;307908;;;Krympslang Nelco;66,81;;;;
V;307910;;;Tejp Eurocol;64,39;;;;
V;307920;;;Kabelskåp Ensto;58,70;;;;
V;307930;;;Kabelskåpsstolpar;17,93;;;;
V;307950;;;Anslutningsdon  NKT Cables HV;51,41;;;;
V;307951;;;Tillbehör Kabelskåp NKT Cables HV;46,00;;;;
V;307952;;;Skarvsatser NKT Cables HV;53,00;;;;
V;307994;;;Solar Netto;50,00;;;;
V;307995;;;Solar Plus;50,00;;;;
V;308100;;;Kabelskor Oisolerade Elpress;73,12;;;;
V;308102;;;Kabelskor Al/Cu Elpress;68,80;;;;
V;308104;;;Kabelskor Isolerade Elpress;78,70;;;;
V;308106;;;Kontaktpressning Elpress;66,53;;;;
V;308108;;;Verktyg Elpress;56,10;;;;
V;308200;;;Ändhylsor/Scotchlok;61,85;;;;
V;308300;;;Ändhylsa P150 Weidm;64,29;;;;
V;308302;;;Handverktyg W800 Weidm;49,34;;;;
V;308400;;;Kabelskor Isolerade Nelco;65,62;;;;
V;308402;;;Kabelskor Oisolerade Nelco;65,84;;;;
V;308404;;;Kabelskor Al/Cu Nelco;59,48;;;;
V;308406;;;Kontaktpressning Nelco;61,52;;;;
V;308408;;;Pressverktyg Nelco;60,98;;;;
V;308500;;;Kabelskor medTbh Melbye;63,48;;;;
V;308550;;;Kabelskor Phönix;45,80;;;;
V;308551;;;Kabelskor AE Phoenix;11,39;;;;
V;308552;;;Kabelskor AG Phoenix;25,32;;;;
V;308600;;;Ändhylsa/Märkning DZ5/AK2 VA =S=O;77,15;;;;
V;308800;;;Ändhylsor SOLAR;82,30;;;;
V;308850;;;Kabelskor NKT Cables HV;59,39;;;;
V;308994;;;Solar Netto;50,00;;;;
V;308995;;;Solar Plus;50,00;;;;
V;309100;;;Elmätare AX ABB;57,96;;;;
V;309104;;;Tillbehör elmätare (73-42) ABB;51,02;;;;
V;309200;;;Elmätare Eltako;60,56;;;;
V;309201;;;Energimätare DQ Omron;43,55;;;;
V;309270;;;Energimätare Wago;52,55;;;;
V;309300;;;Energimätare Garo;63,00;;;;
V;309500;;;Elmätare Hager;64,50;;;;
V;309600;;;Elmätare iEM UF =S=O;78,45;;;;
V;309602;;;Kombinationsinstrument PM UF =S=O;70,98;;;;
V;309710;;;Elmätare I 7KT SIE;50,70;;;;
V;309800;;;Elmätare 110 Carlo Gavazzi;50,00;;;;
V;309994;;;Solar Netto;50,00;;;;
V;309995;;;Solar Plus;50,00;;;;
V;311110;;;Defem tillbehör C1-C4 - Wibe SO;56,94;;;;
V;311112;;;Trådstegar C1 - Wibe D1;54,83;;;;
V;311114;;;Trådstegar C4 - Wibe MT;54,83;;;;
V;311122;;;Tbh Tas kanaler - Wibe IS;19,14;;;;
V;311124;;;Optiline Installationskanaler =S=;71,10;;;;
V;311126;;;TIR-Kanaler Thorsman =S=;74,97;;;;
V;311129;;;Mini-Kanaler 7D =S=;76,78;;;;
V;311132;;;Optiline Förinstallerat 7D =S=;70,55;;;;
V;311133;;;Optiline Förinstallerat 7D =S=;70,60;;;;
V;311140;;;Thorsman Förinstallerat J4 =S=;67,99;;;;
V;311141;;;Thorsman Förinstallerat JH JQ =S=;70,35;;;;
V;311142;;;Cyb Anslutningssystem  7B =S=;77,26;;;;
V;311145;;;Kanaler Stago Wibe IS;42,86;;;;
V;311146;;;Kanaler Stago Wibe IS;50,00;;;;
V;311147;;;Kanaler Stago tbh Wibe IS;42,86;;;;
V;311148;;;Kanaler Stago tbh  Wibe IS;51,02;;;;
V;311149;;;Kanaler Stago apparater Wibe IS;42,86;;;;
V;311150;;;Kanaler Plast Thorsman J1 =S=;77,05;;;;
V;311152;;;Kanaler Metall Thorsman J1 =S=;76,51;;;;
V;311154;;;Tbh Kanaler Thorsman J1 =S=;76,69;;;;
V;311156;;;Uttagsboxar Thorsman J1 =S=;72,05;;;;
V;311158;;;Uttagssyst.CAN/CYB Thorsman 7E =S=;63,95;;;;
V;311160;;;Lätta stegar Fzs C2 - Wibe CL;63,03;;;;
V;311162;;;Tunga stegar Fzs C2 - Wibe CL;60,31;;;;
V;311164;;;Lätta stegar Z+ C4 - Wibe CL;49,89;;;;
V;311166;;;Tunga stegar Fzv C4 - Wibe CL;66,16;;;;
V;311168;;;Förstärkta stegar KHZV/KHZPV C4 -Wibe CL;66,96;;;;
V;311174;;;Kabelränna Fzs C2 - Wibe CT;58,49;;;;
V;311175;;;Kabelränna Fzv C4 - Wibe SO;52,20;;;;
V;311176;;;Kabelränna Fzv C4 - Wibe CT;52,20;;;;
V;311177;;;kabelrännor C5-I - Wibe CT;57,46;;;;
V;311178;;;Kabelstegar C5-I - Wibe CL;54,00;;;;
V;311181;;;Övriga tbh Fzs C2 - Wibe SO;66,16;;;;
V;311183;;;Övriga tbh Fzs vit/svart C2 - Wibe SO;62,14;;;;
V;311185;;;Övriga tbh Fzv C4 - Wibe SO;67,89;;;;
V;311187;;;Tillbehör C5-I - Wibe SO;57,46;;;;
V;311189;;;CLX3 Fzs C2 - Wibe SO;62,14;;;;
V;311190;;;Unica system + =S=;50,03;;;;
V;311192;;;Syrafast Rostfritt - Wibe SS;54,83;;;;
V;311196;;;Stago fiberränna - Wibe SO;58,49;;;;
V;311197;;;Stago fiberränna tbh - Wibe CT;58,49;;;;
V;311198;;;Mitaflex Wibe;35,71;;;;
V;311200;;;Kabelstegar Mp 001;80,33;;;;
V;311202;;;Rännor MP 002;80,41;;;;
V;311204;;;Tillbehör stegar MP 010;79,80;;;;
V;311205;;;Tillbehör RF/SF MP 029;69,00;;;;
V;311206;;;Profilskenor stegar MP 004;78,13;;;;
V;311208;;;Tbh Stegar & Rännor MP 009;79,38;;;;
V;311210;;;Tbh rännor MP 011;78,34;;;;
V;311220;;;Trådstegar MP 003;75,83;;;;
V;311222;;;Tbh Trådstegar MP 012;77,00;;;;
V;311226;;;Kabelstegar RR o SF MP 028;75,00;;;;
V;311230;;;Uttagsstavar MP 021;80,61;;;;
V;311231;;;Kanaler ALU Tbh MP 022;75,13;;;;
V;311233;;;Kanaler ALU MP  022 023;75,13;;;;
V;311234;;;Uttagssystem MP 024;64,82;;;;
V;311237;;;Tillbehör uttagssystem 034;64,47;;;;
V;311240;;;Golvboxar MP 025;72,00;;;;
V;311250;;;Potentialutjämningsmtrl stegar MP 006;79,50;;;;
V;311300;;;Inst KanalerTbh Hager;71,50;;;;
V;311302;;;F.Bänkskanal &Tbh Hager;70,40;;;;
V;311310;;;Uttagsstavar Hager;76,00;;;;
V;311312;;;Golvboxar Hager;66,00;;;;
V;311401;;;Skruv- och slagsystem OBO;68,78;;;;
V;311402;;;Trådstegar tbh OBO;72,00;;;;
V;311406;;;Kabelrännsystem OBO;72,37;;;;
V;311408;;;Trådstegar OBO;76,00;;;;
V;311502;;;E.L System Kanaler;46,93;;;;
V;311510;;;Kloss Elektroskutt;37,56;;;;
V;311600;;;Tbh Kanaler Rutab;74,80;;;;
V;311900;;;Kabelvagnar Inomec;65,38;;;;
V;311902;;;Elit Installationssystem;63,57;;;;
V;311904;;;KB SYSTEM DWP;47,71;;;;
V;311906;;;Optomize Kanaler;20,73;;;;
V;311912;;;Uttagsstavar +Tbh 52 Elko;64,15;;;;
V;311990;;;Solar Plus Trådstegar o Tbh;50,00;;;;
V;311991;;;Solar Plus Uttagslister;50,00;;;;
V;311994;;;Solar Netto;50,00;;;;
V;311995;;;Solar Plus Installationskanaler o Tbh;50,00;;;;
V;312200;;;Snabbkoppling Ensto;59,80;;;;
V;312300;;;Snabbkoppling Wieland;68,60;;;;
V;312400;;;Snabbkoppling Wago;65,41;;;;
V;312402;;;Tillbehör elbilsladd Wago;44,79;;;;
V;312500;;;Skarvar/Genomföringar Phönix;38,14;;;;
V;312600;;;Snabbkoppling  Rutab;44,90;;;;
V;312994;;;Solar Netto;50,00;;;;
V;313100;;;Ljusreglering Exxact H1 =S= I;67,60;;;;
V;313102;;;Ljusreglering Exxact H1 =S= II;69,50;;;;
V;313104;;;Ljusreglering Exxact H1 =S= III;65,00;;;;
V;313108;;;Tbh ljusreglering Exxact H1 =S=;56,44;;;;
V;313112;;;Ljusreglering universal H1 =S=;62,20;;;;
V;313114;;;Ljusreglering Trend HD =S= II;58,94;;;;
V;313118;;;Ljusreglering Renova H1 =S= I;70,00;;;;
V;313120;;;Ljusreglering Renova H1 =S= II;72,00;;;;
V;313126;;;Ljusreglering Multi Acti9 SA =S=;64,00;;;;
V;313130;;;Rörelse- & närvaro Exxact H1 =S;66,00;;;;
V;313134;;;Rörelse- & närvarodetektor övriga HD =S=;70,00;;;;
V;313137;;;Ljusreglering Wiser light H7 =S=;55,91;;;;
V;313138;;;Ljusreglering Wiser light H5 =S=;60,00;;;;
V;313140;;;Ljusrelä Argus HD =S=;64,00;;;;
V;313142;;;Ljusrelä Multi Acti9 SA =S=O;54,71;;;;
V;313144;;;Trappautomat Multi Acti9 SA =S=O;64,87;;;;
V;313150;;;Rörelse & närvaro Exxact & Renova H1 =S=;66,00;;;;
V;313152;;;Rörelse & närvarodetektor Argus HA =S=;64,00;;;;
V;313160;;;Kopplingsur Acti9 SA =S=;67,38;;;;
V;313162;;;Kopplingsur KNX 5A =S=O;38,01;;;;
V;313200;;;Dimmer RS 49 Elko;67,00;;;;
V;313201;;;Ljusreglering RS Svart 58 Elko;48,50;;;;
V;313202;;;Elektronik PIR RS 49 Elko;64,00;;;;
V;313204;;;Dimmer RS 49 Elko;61,84;;;;
V;313206;;;Dimmer 52 Elko;59,48;;;;
V;313210;;;Dimmer Plus 44 Elko;64,00;;;;
V;313212;;;Dimmer Plus X 56 Elko;67,00;;;;
V;313214;;;Dimmer Plus Tillbehör 43 Elko;63,62;;;;
V;313220;;;Elektronik PIR Plus 44 Elko;63,09;;;;
V;313222;;;Elektronik Fästmateriel 52 Elko;66,60;;;;
V;313226;;;Apparater RS Renvit 58 Elko;64,50;;;;
V;313240;;;DIMMER RG36 ELKO;55,10;;;;
V;313300;;;Rörelse - Och Närvaro Delta SIE;52,04;;;;
V;313304;;;N-komp timers & kopplingsur 025 SIE;65,05;;;;
V;313400;;;Närvarodetektor Esylux I;62,00;;;;
V;313402;;;Närvarodetektor Esylux II;60,03;;;;
V;313406;;;Närvaro- o Rörelsedektektorer  Esylux;61,63;;;;
V;313408;;;Närvaro- o RörelsedetektorTbh Esylux I;59,81;;;;
V;313410;;;Närvaro- o RörelsedetektorTbh Esylux II;46,35;;;;
V;313412;;;Rörelsedetektor Esylux;59,82;;;;
V;313416;;;Skymmningsrelä Esylux;60,64;;;;
V;313500;;;Dimmer ABB;59,15;;;;
V;313502;;;Dimmer Impressivo ABB II;55,29;;;;
V;313504;;;Dimmer Impressivo ABB I;56,73;;;;
V;313506;;;Dimmer Saga ABB;56,02;;;;
V;313510;;;Rörelsevakter ABB I;56,51;;;;
V;313512;;;Rörelsevakter ABB II;53,99;;;;
V;313514;;;Rörelsevakter Saga ABB;56,02;;;;
V;313600;;;Tidsstyrning Theben I;70,00;;;;
V;313602;;;Tidsstyrning Theben II;63,00;;;;
V;313604;;;Dimmer Theben;43,65;;;;
V;313610;;;Ljusrelä - Trappaut Theben;61,15;;;;
V;313614;;;Närvaro- & rörelsedetektorer Theben;60,23;;;;
V;313700;;;Ljusreglering Hager;71,00;;;;
V;313702;;;Ljusreglering Berker S1 Hager;64,00;;;;
V;313706;;;Kopplingsur Hager;65,00;;;;
V;313800;;;Ljusreglering Eltako I;65,40;;;;
V;313802;;;Ljusreglering Eltako II;61,00;;;;
V;313820;;;Dimmer Vadsbo I;62,09;;;;
V;313822;;;Dimmer Vadsbo II;60,33;;;;
V;313840;;;Ljusreglering Steinel II;69,39;;;;
V;313842;;;Ljusreglering Steinel I;61,89;;;;
V;313860;;;Spisvakter Norwesco;55,33;;;;
V;313880;;;Black Lable Servodan I;64,00;;;;
V;313882;;;Black Lable Servodan II;64,00;;;;
V;313884;;;Ljusreglering Servodan;56,00;;;;
V;313886;;;Ljusreglering Dali Servodan;58,50;;;;
V;313888;;;Sensorer M40 P40 Niko;55,45;;;;
V;313900;;;Spisvakter Rutab;58,63;;;;
V;313902;;;Ljusrelä Trappautomater Rutab;61,06;;;;
V;313906;;;Närvarodetektering Rutab;64,70;;;;
V;313909;;;Dimmer Smart SG;40,84;;;;
V;313910;;;Ljusreglering  Hide-A-Lite;73,83;;;;
V;313912;;;Ljusrelä & Rörelsevakter Övriga;61,04;;;;
V;313914;;;Ljusrelä EL-BE;52,32;;;;
V;313916;;;Kopplingsur ljusrelä Eldon;43,98;;;;
V;313920;;;Närvarodetektering Extronic;62,56;;;;
V;313922;;;Varvtalsreglering Frico;61,04;;;;
V;313926;;;Honeywell Närvarodetektorer  Friedland;55,93;;;;
V;313927;;;Ljusreglering Plejd X;66,24;;;;
V;313928;;;Ljusreglering Plejd;65,76;;;;
V;313932;;;Ljusreglering Hugo Müller;60,60;;;;
V;313940;;;DIN-fästen Elektroskutt;52,28;;;;
V;313994;;;Solar Netto;50,00;;;;
V;313995;;;Solar Plus;50,00;;;;
V;314101;;;K-dosor Mureva U56 H3 =S= X;82,59;;;;
V;314103;;;K-dosor Mureva U56 H3 =S= II;73,00;;;;
V;314105;;;K-dosor Mureva IP55 vit H3 =S=;76,00;;;;
V;314106;;;K-dosor Mureva IP55 grå H3 =S=;72,22;;;;
V;314107;;;K-dosor Mureva IP55 flammskydd H3 =S=;69,24;;;;
V;314108;;;K-dosor Mureva IP55 tillbehör H3 =S=;69,24;;;;
V;314110;;;Dossystem H3 =S= I;77,40;;;;
V;314112;;;Dossystem H3 =S= II;80,77;;;;
V;314114;;;Tbh dossystem H3 =S= I;79,10;;;;
V;314116;;;Tbh dossystem H3 =S= II;80,50;;;;
V;314118;;;Tbh dossystem H3 =S= III;77,69;;;;
V;314119;;;Kopplingsklämmor HC =S=;77,00;;;;
V;314120;;;Dossystem H3 =S= I;81,16;;;;
V;314122;;;Dossystem H3 =S= II;81,37;;;;
V;314124;;;Tbh dossystem H3 =S= I;81,61;;;;
V;314126;;;Tbh dossystem H3 =S= II;81,20;;;;
V;314132;;;Dosor Exxact H1 =S=;77,50;;;;
V;314140;;;Renova up-dosa H1 =S= Blisterpack;45,12;;;;
V;314180;;;Kopplingsbox;40,10;;;;
V;314200;;;Utanpåliggande dosor 32 Elko;80,33;;;;
V;314202;;;Infällda dosor 30 Elko;86,41;;;;
V;314204;;;Tbh dosor U1 Elko;82,00;;;;
V;314206;;;Infällda dosor HF 31 Elko;82,85;;;;
V;314208;;;Kapslade dosor 39 Elko;81,21;;;;
V;314210;;;Kapslade dosor RS 46 Elko;77,48;;;;
V;314214;;;Dos-mtrl RS Renvit I 58 Elko;64,00;;;;
V;314216;;;Dos-mtrl RS Renvit II 58 Elko;63,00;;;;
V;314218;;;Dos-mtrl RS Svart 58 Elko;43,78;;;;
V;314220;;;Kabelgenomföringar HC =S=;80,40;;;;
V;314255;;;Dosor Renova H1 =S=;67,40;;;;
V;314300;;;Förd. Stark FQ/RQ OneRing PM Flex PM4D1;75,00;;;;
V;314306;;;Rör Flexrör PP Speed PM Flex PM1A1 X;74,80;;;;
V;314307;;;Rör Flexrör PP Speed PM Flex PM1A2;72,33;;;;
V;314310;;;Rör Flexrör dragtråd Speed PM Flex PM1B2;74,00;;;;
V;314312;;;Rör Flexrör PP Hispeed PM Flex PM1C1 X;75,10;;;;
V;314313;;;Rör Flexrör PP Hispeed PM Flex PM1C2;73,00;;;;
V;314314;;;Rör Flexrör PP UV Speed PM Flex PM1D1;75,00;;;;
V;314315;;;Rör Flexrör PP UV Speed PM Flex PM1D2;75,00;;;;
V;314316;;;Rör Flexrör PP Speed RnR  PM Flex PM1E2;69,72;;;;
V;314320;;;Rör LSZH  320N PM Flex PM2A1;78,33;;;;
V;314321;;;Rör LSZH  750N PM Flex PM2B1;78,25;;;;
V;314322;;;Förd. Stark FK/RK Ring PM Flex PM3C1;75,90;;;;
V;314323;;;Rör LSZH  320N PM Flex PM2A2;77,00;;;;
V;314325;;;Rör LSZH  750N PM Flex PM2B2;77,00;;;;
V;314326;;;Förd. Stark FK/RK OneBox PM Flex PM3E1;74,50;;;;
V;314327;;;Förd. Stark FK/RK RnR PM Flex PM3F2;71,00;;;;
V;314328;;;Förd. Stark Diverse Ring PM Flex PM3G2;72,00;;;;
V;314329;;;Förd. Stark FK/RK Ring PM Flex PM3C2;75,00;;;;
V;314330;;;Förd. Stark Diverse OneBox PM Flex PM3I2;71,00;;;;
V;314331;;;Förd. Stark FQ/RQ Ring PM Flex PM4C1 X;77,27;;;;
V;314332;;;Förd. Stark EQ Ring PM Flex PM4A1;74,00;;;;
V;314333;;;Förd. Stark EQ Ring PM Flex PM4A2;74,00;;;;
V;314334;;;Förd. Stark FQ/RQ Ring PM Flex PM4C1;74,21;;;;
V;314335;;;Förd. Stark FQ/RQ Ring PM Flex PM4C2;76,50;;;;
V;314336;;;Förd. Stark FQ/RQ OneBox PM Flex PM4E1;77,55;;;;
V;314337;;;Förd.FQ/RQ Twin OneBox PM Flex PM4E2;73,00;;;;
V;314338;;;Förd. Stark FQ/RQ RnR PM Flex PM4F1;79,20;;;;
V;314340;;;Förd. Stark Diverse Ring PM Flex PM4G2;75,41;;;;
V;314342;;;Förd. Svag Data Ring PM Flex PM5A1;75,06;;;;
V;314343;;;Förd. Stark FQ/RQ OneBox PM Flex PM4E2;73,00;;;;
V;314344;;;Förd. Svag Data OneBox PM Flex PM5B1;72,50;;;;
V;314345;;;Förd. Stark FQ/RQ RnR PM Flex PM4F2;69,93;;;;
V;314346;;;Förd. Svag Data RnR PM Flex PM5C1;69,34;;;;
V;314347;;;Förd. Svag Data Ring PM Flex PM5A2;73,80;;;;
V;314348;;;Förd. Svag Diverse Ring PM Flex PM5D2;75,28;;;;
V;314349;;;Förd. Svag Data OneBox PM Flex PM5B2;70,50;;;;
V;314350;;;Förd. Svag Diverse OneBox PM Flex PM5F2;73,00;;;;
V;314352;;;Förd. Svag Diverse RnR  PM Flex PM5G2;72,27;;;;
V;314354;;;Flexlist PM9P2 PM Flex;40,00;;;;
V;314360;;;Skarvmuffar LSZH PM Flex PM7A1;75,50;;;;
V;314361;;;Skarvmuffar LSZH PM Flex PM7A2;74,00;;;;
V;314362;;;Skarvmuffar med lås LSZH PM Flex PM7B1;73,50;;;;
V;314363;;;Skarvmuffar med lås LSZH PM Flex PM7B2;75,40;;;;
V;314364;;;Öppningsbara muffar LSZH PM Flex PM7C2;72,00;;;;
V;314366;;;Rörböj LSZH PM Flex PM7D1;77,00;;;;
V;314367;;;Rörböj LSZH PM Flex PM7D2;75,00;;;;
V;314370;;;Elcan rörböj PVC PM Flex PM7F2;72,06;;;;
V;314372;;;Stålrör/tillbehör PM;50,28;;;;
V;314380;;;Flexrör xReflex l Pmflex;36,04;;;;
V;314382;;;Flexrör xReflex ll Pmflex;43,15;;;;
V;314390;;;Flexrör xReflexwire FQ l Pmflex;39,09;;;;
V;314400;;;Dossystem 302 ABB I;81,56;;;;
V;314402;;;Dossystem 302 ABB II;78,50;;;;
V;314404;;;Tbh dossystem 302 ABB;80,00;;;;
V;314408;;;Dossystem 303 ABB;75,00;;;;
V;314410;;;Tbh dossystem 303 ABB;77,65;;;;
V;314414;;;Dossystem 311 ABB;75,00;;;;
V;314416;;;Montagelist ABB;39,02;;;;
V;314430;;;Rörförläggningsmateriel 304 ABB;76,68;;;;
V;314450;;;Flexrör iFLow l ipipe;48,50;;;;
V;314452;;;Flexrör iFLow ll ipipe;35,03;;;;
V;314454;;;Flexrör iFLow Pro l ipipe;41,00;;;;
V;314456;;;Flexrör iFLow Pro ll ipipe;46,20;;;;
V;314458;;;Flexrör iFLow Pro DT l;44,67;;;;
V;314460;;;Flexrör iFLow Pro DT ll ipipe;45,58;;;;
V;314462;;;Flexrör iFLow Pro UV l;48,22;;;;
V;314464;;;Flexrör iFLow Pro UV ll ipipe;40,10;;;;
V;314470;;;VP-rör iTube 320N l ipipe;41,20;;;;
V;314472;;;VP-rör iTube 320N ll ipipe;37,76;;;;
V;314474;;;VP-rör iTube 750N l ipipe;36,12;;;;
V;314476;;;VP-rör iTube 750N ll ipipe;36,12;;;;
V;314480;;;Flexrör iCable FQ l ipipe;50,30;;;;
V;314482;;;Flexrör iCable FQ ll;43,65;;;;
V;314483;;;Flexrör Max FQ Bobin ipipe;37,10;;;;
V;314484;;;Flexrör iCable FQ Twinn l ipipe;45,30;;;;
V;314486;;;Flexrör iCable FQ Twinn ll;42,94;;;;
V;314487;;;Flexrör Max FQ Twin Bobin ipipe;34,70;;;;
V;314488;;;Flexrör iCable RQ l;46,70;;;;
V;314490;;;Flexrör iCable RQ ll;46,70;;;;
V;314492;;;Flexrör iCable RQ Twinn;41,42;;;;
V;314494;;;Flexrör iCable FK ipipe;45,00;;;;
V;314496;;;Flexrör iCable Data l ipipe;45,30;;;;
V;314498;;;Flexrör iCable Data ll;39,70;;;;
V;314499;;;Flexrör iCable Other ipipe;44,40;;;;
V;314500;;;VP-Rör Pipelife;46,65;;;;
V;314501;;;Halogenfria Rör Pipelife;43,67;;;;
V;314502;;;Flexrör Pipelife;40,45;;;;
V;314503;;;VP-Rör Svarta Pipelife;35,60;;;;
V;314504;;;VP-Rör HfTbh Pipelife;45,97;;;;
V;314505;;;VP-Rör UV Tbh Pipelife;46,83;;;;
V;314506;;;Flexibla UV-rör Pipelife;53,62;;;;
V;314511;;;Flex Fördraget Pipelife X;61,04;;;;
V;314512;;;Flex Fördraget Pipelife;55,00;;;;
V;314556;;;Förläggningsmat/Förskruv.;46,43;;;;
V;314558;;;Clips ElektroSkutt;40,00;;;;
V;314560;;;Metallrör OBO;85,43;;;;
V;314570;;;Förd. N-Line Bobin Nexans;52,04;;;;
V;314574;;;Förd. N-Line FQ CG Nexans;50,61;;;;
V;314576;;;Förd. N-Line FQ Twin CG Nexans;49,69;;;;
V;314600;;;Kabelgenomföringar Std Jacob;85,26;;;;
V;314601;;;Kabelgenomföringar Perforerade Jacob;81,61;;;;
V;314602;;;Kabelgenomföringar Emc Jacob;84,52;;;;
V;314604;;;Kabelgenomföringar Ex Jacob;82,26;;;;
V;314606;;;Tbh Kabelgenomföringar Jacob;80,81;;;;
V;314610;;;Förskruvningar plast Lapp;71,94;;;;
V;314612;;;Förskruvning mässing Lapp;71,95;;;;
V;314614;;;Förskruvningar EMC Lapp;76,54;;;;
V;314632;;;Förskruvningar övriga Lapp;74,07;;;;
V;314640;;;Brandtätning Fire Seal;65,05;;;;
V;314642;;;Protega brandtätning;66,15;;;;
V;314644;;;Tätning Nofirno;32,31;;;;
V;314646;;;Brandtätning  ICT;36,88;;;;
V;314660;;;Skyddsslangar Nelco;68,00;;;;
V;314662;;;Kabelgenomföringar &Tbh Nelco;78,55;;;;
V;314664;;;Kopplings -klämmor och -lister;57,32;;;;
V;314666;;;Genomföringar TM Elprodukter;36,40;;;;
V;314700;;;Kopplingsklämmor Rutab;69,35;;;;
V;314702;;;Skyddslangar ochTbh Rutab;71,70;;;;
V;314703;;;Skyddslangarsförskruvningar Rutab;76,71;;;;
V;314704;;;Dossystem Rutab;73,99;;;;
V;314706;;;Kabelgenomföringar &Tbh Rutab;76,17;;;;
V;314742;;;Brandtätning Protecta II;71,68;;;;
V;314750;;;Tätningsmanchetter Rutab;56,93;;;;
V;314752;;;Ingjutningsdosor Rutab;48,43;;;;
V;314830;;;Dossystem Edwa;74,21;;;;
V;314831;;;Dossystem II Ed-Wa;80,30;;;;
V;314840;;;Dosor Utv;63,16;;;;
V;314850;;;Kopplingsklämmor Ensto;68,00;;;;
V;314860;;;Kabelgenomföring Fibox;72,59;;;;
V;314870;;;Kopplingsdosor Garo;76,00;;;;
V;314888;;;Ex-Dosor Hellermann Tyton;35,71;;;;
V;314890;;;Dosor Hellermann;70,69;;;;
V;314891;;;Toppklämor Hellermann Tyton;44,16;;;;
V;314892;;;Skyddsslang Hellerman;71,11;;;;
V;314896;;;Tätningar Roxtec I;43,99;;;;
V;314898;;;Tätningar Roxtec II;43,72;;;;
V;314902;;;Fästmateriel LKB  Björkman;79,69;;;;
V;314904;;;Dosor Norwesco;71,36;;;;
V;314910;;;Säkerhetsfunktion brand OBO;73,18;;;;
V;314912;;;Kabel-rörfastsättning plastsytem OBO;74,21;;;;
V;314914;;;Rörsystem Quick Pipe OBO;67,45;;;;
V;314922;;;Dosor brandsäkra Spelsberg;71,29;;;;
V;314925;;;Kopplingsklämmor Wago X;74,55;;;;
V;314926;;;Kopplingsklämmor Wago;71,79;;;;
V;314928;;;Förskruvning T001 Weidm;70,20;;;;
V;314930;;;Skarvdosa;42,78;;;;
V;314990;;;Solar Plus Skyddsslang;50,00;;;;
V;314991;;;Solar Plus Flexslang;50,00;;;;
V;314992;;;Solar Plus Dosor mm;50,00;;;;
V;314993;;;Solar Plus VP rör;50,00;;;;
V;314994;;;Solar Netto;50,00;;;;
V;314995;;;Solar Plus installationsmaterial;50,00;;;;
V;315100;;;Fästmateriel Thorsman HC I =S=;78,77;;;;
V;315102;;;'Fästmateriel Thorsman HC =S= II;74,00;;;;
V;315110;;;Schneider Skruv JM =S=;75,40;;;;
V;315200;;;Buntband Ty-Rap I;64,00;;;;
V;315202;;;Buntband Ty-Rap II;62,60;;;;
V;315212;;;Fästmaterial Mepac II;63,27;;;;
V;315300;;;Fästmaterial Letti I;66,40;;;;
V;315302;;;Fästmaterial Letti II;63,36;;;;
V;315342;;;Buntband AC1 Hellermann Tyton;63,24;;;;
V;315344;;;Buntband Övriga Hellermann Tyton;62,86;;;;
V;315400;;;Skruv Grabber;61,14;;;;
V;315410;;;Slangklämmor Norma ABA;46,43;;;;
V;315415;;;Gummiklammer ABA;46,43;;;;
V;315425;;;Infästning - Fischer;60,62;;;;
V;315440;;;Bult&Mutter M 8.8 10.9 FZB & FZV Arvid N;70,94;;;;
V;315441;;;Insex Arvid N;63,38;;;;
V;315442;;;Plugg & Förankring Arvid N;69,00;;;;
V;315444;;;Skruv & Mutter A2&A4 Arvid N;65,00;;;;
V;315445;;;Skruv & Mutter 7A Arvid N;63,00;;;;
V;315446;;;Övriga M Arvid N;67,79;;;;
V;315447;;;Träskruv Arvid N;57,00;;;;
V;315448;;;Smartpack Arvid N;64,00;;;;
V;315449;;;Träskruv 4A Arvid N;68,90;;;;
V;315450;;;Blindnit Arvid Nilsson;70,20;;;;
V;315500;;;Upphägningssystem Gripple;57,90;;;;
V;315510;;;Fästmaterial EL System;59,53;;;;
V;315520;;;Fästmaterial Multifly;62,21;;;;
V;315530;;;Fästmaterial Erico;69,47;;;;
V;315536;;;Fästmaterial AB1 Essve;60,23;;;;
V;315539;;;Fästmaterial AH1 Essve;59,44;;;;
V;315540;;;Skruv&Mutter Dresselhaus;59,44;;;;
V;315541;;;Fästmaterial Expandet;59,44;;;;
V;315542;;;Fästmaterial Wasi;59,44;;;;
V;315543;;;Fästmaterial AK1 Essve;78,69;;;;
V;315544;;;Fästmaterial OGLÆND SYSTEM;59,44;;;;
V;315545;;;Fästmaterial BURGERHOUT;59,44;;;;
V;315546;;;Fästmaterial AF1 Essve;61,15;;;;
V;315550;;;Stålband Fleximark;63,13;;;;
V;315560;;;Skruv och fästmaterial Malux;67,11;;;;
V;315570;;;Profiler Fästmateriel MP;64,70;;;;
V;315572;;;Kabelhållare MP;69,56;;;;
V;315580;;;Kabelhållarsystem OBO;72,17;;;;
V;315582;;;Fästmaterial kabel plastsystem OBO;67,30;;;;
V;315590;;;Bandindustri spännband;59,28;;;;
V;315600;;;JR-klammer PM Flex PM9O2;66,81;;;;
V;315601;;;AP-klammer PM Flex PM9M2;61,00;;;;
V;315602;;;Plugg Tillex;64,50;;;;
V;315603;;;APL-klammer PM Flex PM9N2;61,00;;;;
V;315604;;;Ankarklammer PM Flex;39,29;;;;
V;315605;;;Pluggklammer - Tillex;65,50;;;;
V;315608;;;Tillex klammer;76,00;;;;
V;315610;;;Fästmaterial Castor;68,00;;;;
V;315620;;;Skruv och fästmaterial Övriga;59,53;;;;
V;315650;;;Fästmaterial Walraven;72,46;;;;
V;315651;;;Fästmaterial Walraven I;71,43;;;;
V;315652;;;Fästmaterial Walraven III;71,43;;;;
V;315700;;;Plastprodukter ETC Kruge;71,43;;;;
V;315720;;;Buntband Phönix;41,46;;;;
V;315730;;;Fästmaterial Wibe SO;12,54;;;;
V;315732;;;Fästmaterial Wibe SS;12,54;;;;
V;315750;;;Fixeringsskruv Fiedler;54,49;;;;
V;315990;;;Solar Plus Buntband;50,00;;;;
V;315991;;;Solar Plus Clips, Plugg och Expander;50,00;;;;
V;315992;;;Solar Plus Skruv och Mutter;50,00;;;;
V;315994;;;Solar Netto;50,00;;;;
V;315995;;;Solar Plus Fästmaterial;50,00;;;;
V;316100;;;Kemtekniskt 3M;40,00;;;;
V;316104;;;Elverktyg Makita;42,50;;;;
V;316106;;;Tillbehör Elverktyg Makita;46,00;;;;
V;316108;;;Tillbehör Makita;45,00;;;;
V;316110;;;Elverktyg AA XX 1 Milwaukee;55,00;;;;
V;316111;;;Elverktyg AA XX 2 Milwaukee;52,00;;;;
V;316112;;;Elverktyg AB Milwaukee;45,97;;;;
V;316113;;;Elverktyg AD Milwaukee;41,00;;;;
V;316114;;;Elverktyg AE Milwaukee;44,00;;;;
V;316116;;;Pressverktyg Elpress;41,41;;;;
V;316118;;;Instrument Wiha;41,41;;;;
V;316121;;;Limpistoler Steinel;44,44;;;;
V;316125;;;Pressverktyg Rems;41,41;;;;
V;316128;;;SB SCANDINAVIA FIBERSVETS;32,68;;;;
V;316132;;;Blåslampa Sievert;40,40;;;;
V;316134;;;Limverktyg Rapid;40,91;;;;
V;316136;;;Verktyg Baier;44,65;;;;
V;316138;;;Slip o Kap material Klingspor;37,24;;;;
V;316140;;;Märk & Sök Simplewire;38,00;;;;
V;316150;;;FREE TO USE Verktyg Gripple;36,00;;;;
V;316151;;;Skum Sika;28,50;;;;
V;316152;;;Lim och Fog Casco;34,00;;;;
V;316185;;;Arbetskläder Mascot;40,00;;;;
V;316201;;;Kemtekniskt CRC;27,21;;;;
V;316202;;;Lim och tätning Loctite;40,00;;;;
V;316203;;;Kemtekniskt Henkel;40,00;;;;
V;316214;;;Smältlim Rapid;40,00;;;;
V;316220;;;Lim och kemtekniskt Soudal;40,00;;;;
V;316222;;;Lim och rengöring TEC7;40,00;;;;
V;316226;;;Maskin Tillbehör Milwaukee I;51,52;;;;
V;316228;;;Maskin Tillbehör Milwaukee II;51,52;;;;
V;316230;;;Maskin Tillbehör Irwin;48,28;;;;
V;316232;;;Maskin Tillbehör PRO-FIT I;42,93;;;;
V;316234;;;Maskin Tillbehör PRO-FIT II;49,32;;;;
V;316236;;;Maskin Tillbehör Solar I;43,94;;;;
V;316238;;;Maskin Tillbehör Solar II;43,94;;;;
V;316240;;;Maskin Tillbehör Wareco;56,28;;;;
V;316242;;;Maskin Tillbehör AA AB Dormer;40,91;;;;
V;316244;;;Maskin Tillbehör AF Dormer;45,05;;;;
V;316246;;;Maskin Tillbehör AH Dormer;39,39;;;;
V;316248;;;Maskin Tillbehör AK Dormer;39,39;;;;
V;316252;;;Maskin Tillbehör AN Dormer;39,39;;;;
V;316254;;;Maskin Tillbehör AD Fein;39,39;;;;
V;316256;;;Maskin Tillbehör AE Fein;38,38;;;;
V;316258;;;Maskin Tillbehör Rems;39,39;;;;
V;316302;;;Lim och Fog Essve;40,00;;;;
V;316320;;;PPE Hellbergs;40,00;;;;
V;316321;;;Arbetskläder Snickers;40,00;;;;
V;316325;;;Handskar Hestra;40,00;;;;
V;316330;;;PPE 3M;40,00;;;;
V;316331;;;PPE Peltor;40,00;;;;
V;316335;;;Skyddshjälmar KASK;40,00;;;;
V;316337;;;Arbetshandskar Tegera;40,00;;;;
V;316340;;;Arbetshandskar Milwaukee;40,00;;;;
V;316341;;;Personligt skydd Milwaukee;40,00;;;;
V;316342;;;Arbetsskor Milwaukee;40,00;;;;
V;316343;;; Arbetskläder Milwaukee;40,00;;;;
V;316404;;;Handverktyg Bahco I;54,50;;;;
V;316406;;;Handverktyg Bahco II;49,00;;;;
V;316408;;;Handverktyg Bahco III;44,44;;;;
V;316410;;;Förvaring&Arbetsplats Bahco;40,00;;;;
V;316414;;;Handverktyg Knipex I;49,00;;;;
V;316416;;;Handverktyg Knipex II;47,00;;;;
V;316418;;;Handverktyg Knipex III;43,43;;;;
V;316422;;;Hanverktyg IC Wiha;48,50;;;;
V;316424;;;Handverktyg 57,5 Wiha;45,00;;;;
V;316426;;;Handverktyg 49 Wiha;48,00;;;;
V;316428;;;Handverktyg 25 35 Wiha;42,42;;;;
V;316430;;;Hänglås Abus;40,00;;;;
V;316431;;;Sträckfilm och tillbehör;40,00;;;;
V;316433;;;Hemelektronik och tillbehör;40,00;;;;
V;316434;;;Presseningar Poly;40,00;;;;
V;316435;;;Hänglås Abloy;40,00;;;;
V;316437;;;Dryck Arvid Nordquist;40,00;;;;
V;316438;;;Redskap och rengöring Vikan;40,00;;;;
V;316439;;;Tejp Hellermann Tyton;40,00;;;;
V;316440;;;Tejp 3M;40,00;;;;
V;316441;;;Säckar Big Bag;40,00;;;;
V;316450;;;Stegar Wsteps II;40,00;;;;
V;316451;;;Stegar WSteps I;40,00;;;;
V;316456;;;Handverktyg Hultafors I;43,00;;;;
V;316458;;;Handverktyg Hultafors II;40,91;;;;
V;316462;;;Handverktyg Wera I;48,00;;;;
V;316464;;;Handverktyg Wera II;42,42;;;;
V;316476;;;Handverktyg Melbye;44,12;;;;
V;316478;;;Handverktyg Solar;40,91;;;;
V;316484;;;Handverktyg Felco;42,50;;;;
V;316486;;;Handverktyg =S=;39,90;;;;
V;316487;;;Sprayfärg väggskåp PB =S=O;68,86;;;;
V;316488;;;Handverktyg H3 =S=;46,97;;;;
V;316490;;;Förvaring Packout I;40,00;;;;
V;316491;;;Förvaring Packout II;40,00;;;;
V;316492;;;Handverktyg Milwaukee I;58,00;;;;
V;316496;;;Handverktyg Milwaukee II;46,97;;;;
V;316504;;;Fibersvetsar TD Fiberoptik;18,37;;;;
V;316507;;;Handverktyg Weidmuller;45,96;;;;
V;316512;;;Handverktyg IC Weidmuller;40,91;;;;
V;316516;;;Handverktyg Elpress;41,92;;;;
V;316524;;;Handverktyg Pica Marker;45,45;;;;
V;316526;;;Handverktyg Lindström;46,00;;;;
V;316528;;;Handverktyg Cimco;45,45;;;;
V;316532;;;Handverktyg Morakniv;51,00;;;;
V;316534;;;Handverktyg Castor;40,40;;;;
V;316536;;;Handverktyg Rothenberger;43,94;;;;
V;316537;;;Utrustning Rothenberger;40,00;;;;
V;316538;;;Handverktyg Pipelife;42,93;;;;
V;316586;;;Handverktyg Letti;43,00;;;;
V;316588;;;Handverktyg Nelco;45,45;;;;
V;316592;;;Handverktyg Bonab;42,42;;;;
V;316594;;;Handverktyg Irwin;42,42;;;;
V;316596;;;Handverktyg PM Flex;42,42;;;;
V;316598;;;Handverktyg Bessey;47,98;;;;
V;316602;;;Handverktyg 52 Elko;42,22;;;;
V;316604;;;Handverktyg QC & TL 37 Elko;55,76;;;;
V;316606;;;Handverktyg Expert;61,11;;;;
V;316608;;;Handverktyg Rems;46,46;;;;
V;316611;;;Märkning Thermofox Phoenix;32,26;;;;
V;316620;;;Förvaring Raaco I;40,00;;;;
V;316621;;;Förvaring Racco II;40,00;;;;
V;316670;;;Tillbehör kabelstegar Wibe;30,21;;;;
V;316700;;;Märkning DYMO;40,00;;;;
V;316705;;;Märkning Brother III;40,00;;;;
V;316706;;;Märkning Brother II;40,00;;;;
V;316707;;;Märkning Brother I;40,00;;;;
V;316719;;;Kabelhantering ipipe;38,07;;;;
V;316720;;;Kabelhantering Pipelife;40,00;;;;
V;316721;;;Kabelhantering MP;40,00;;;;
V;316722;;;Kabelhantering Zelos;40,00;;;;
V;316723;;;Kabelhantering PM;40,00;;;;
V;316724;;;Kabelhantering Nelco;40,00;;;;
V;316744;;;Lödning Meltolit;40,00;;;;
V;316784;;;Bygg T;36,22;;;;
V;316785;;;Förtäring T;38,30;;;;
V;316786;;;Gata Trädgård T;36,22;;;;
V;316787;;;Hus Hem kontor T;37,24;;;;
V;316788;;;Kök Hushåll T;37,24;;;;
V;316790;;;Slang o kopplingar Cejn II L;47,50;;;;
V;316791;;;Slang o kopplingar Cejn I L;36,90;;;;
V;316798;;;Markspjut Fiedler;54,49;;;;
V;316802;;;Verktyg Weidmüller II;59,18;;;;
V;316810;;;Tools Arbetsbelysning;40,00;;;;
V;316811;;;Arbetsbelysning Mareld;29,59;;;;
V;316821;;;Personligt skydd OX-ON;18,37;;;;
V;316822;;;Personligt skydd Abena;28,57;;;;
V;316823;;;Hygien & Rengöring Abena;28,57;;;;
V;316830;;;Tools Elverktyg;40,00;;;;
V;316835;;;Antalis Verktyg;26,27;;;;
V;316840;;;Tools Handverktyg;40,00;;;;
V;316844;;;Tools Redskap;40,00;;;;
V;316845;;;Hp Schou Verktyg;25,51;;;;
V;316850;;;Tools Maskintillbehör;40,00;;;;
V;316855;;;Hultafors Verktyg;22,45;;;;
V;316860;;;Tools Kemtekniska produkter;40,00;;;;
V;316861;;;Tekniska kemikalier Swedhandling;38,78;;;;
V;316866;;;Personligt skydd Skydda;27,55;;;;
V;316869;;;Hjälm & PPE Kask;29,08;;;;
V;316870;;;Tools Förvaring och Arbetsplats;40,00;;;;
V;316872;;;Hårdvara Brady;31,63;;;;
V;316874;;;Förbrukning  Brady;31,63;;;;
V;316875;;;Hellerman Tyton Verktyg;21,43;;;;
V;316880;;;Tools Personskydd;40,00;;;;
V;316881;;;Fallskydd Cresto;27,55;;;;
V;316882;;;Personligt skydd Zekler;27,55;;;;
V;316883;;;Första hjälpen Cederroth;22,96;;;;
V;316884;;;Andningsskydd Sundström;27,55;;;;
V;316885;;;Makita Elverktyg Verktyg;39,14;;;;
V;316890;;;Tools Förnödenheter;40,00;;;;
V;316895;;;OBO Bettermann Verktyg;33,67;;;;
V;316900;;;Fick- och pannlampor Armytek;40,00;;;;
V;316901;;;Arbetsbelysning Nebo;40,00;;;;
V;316902;;;Pannlampor Petzl;40,00;;;;
V;316905;;;Arbetsbelysning Thorsman;40,00;;;;
V;316906;;;FREE TO USE Kabelhantering;31,00;;;;
V;316907;;;Arbetsbelysning Milwaukee;40,00;;;;
V;316908;;;Fick & Pannlampor Milwaukee;40,00;;;;
V;316920;;;Brandsläckare Nexa;24,72;;;;
V;316921;;;Första hjälpen Nexa;24,72;;;;
V;316923;;;Brandsläckare Housegard;18,85;;;;
V;316925;;;Brandfiltar AVD;31,00;;;;
V;316945;;;BUNTBAND PANDUIT;27,87;;;;
V;316950;;;Weidmuller Verktyg;19,39;;;;
V;316955;;;Nelco Verktyg;28,57;;;;
V;316960;;;Wera Verktyg;26,53;;;;
V;316965;;;Stanley Verktyg;26,53;;;;
V;316970;;;Wexoe Verktyg;17,35;;;;
V;316975;;;Wareco Verktyg;26,53;;;;
V;316980;;;SOLAR TOOLS EXTENDED MATERIALS;21,00;;;;
V;316990;;;Smart Supply Solar;40,00;;;;
V;316991;;;Solar Plus Handverktyg och PPE;50,00;;;;
V;316992;;;Solar Plus Elverktyg och Tillbehör;50,00;;;;
V;316993;;;Solar Plus Arbetsplatsutrustning;50,00;;;;
V;316994;;;Solar Netto;50,00;;;;
V;316995;;;Solar Plus Verktyg Övrigt;50,00;;;;
V;317110;;;KNX Ställdon 5B =S=;50,04;;;;
V;317112;;;KNX Exxact 5A =S=;59,50;;;;
V;317114;;;KNX Sensorer 5A =S=;50,00;;;;
V;317116;;;KNX Övrigt HD =S=;50,00;;;;
V;317117;;;'KNX systemkomponenter 5C =S=;52,00;;;;
V;317118;;;'KNX SW, multiGW 5D =S=;48,43;;;;
V;317121;;;Smart home & HEMS SE H7 =S=;54,76;;;;
V;317122;;;Smart home & HEMS SE H5 =S=;54,76;;;;
V;317300;;;Passage 2011 - Omnis 3SAST SP Sie;49,55;;;;
V;317304;;;Inbrott Larmkabel,  Boxar 3SIGJ Sie;33,09;;;;
V;317400;;;KNX ABB;65,35;;;;
V;317401;;;free@home ABB;27,32;;;;
V;317500;;;Ljusreglering Trådlös Eltako;59,39;;;;
V;317552;;;Gränssnitt SG;54,08;;;;
V;317600;;;Närvaro- och Rörelsedetekt KNX Esylux I;55,77;;;;
V;317602;;;Närvaro- och Rörelsedetekt KNX Esylux II;43,90;;;;
V;317640;;;KNX, TX, Radio Hager;46,00;;;;
V;317642;;;Jordningsmaterial Hager;48,78;;;;
V;317700;;;Belysningsstyrning Helvar;67,73;;;;
V;317720;;;Ljusreglering Steinel;76,53;;;;
V;317740;;;Trådlösa styrsystem Nexa;53,97;;;;
V;317752;;;KNX Theben;44,85;;;;
V;317800;;;Black Lable Servodan;54,00;;;;
V;317810;;;Home Control I Niko;44,24;;;;
V;317812;;;Home Control II Niko;45,12;;;;
V;317820;;;Buss System Sie;69,59;;;;
V;317830;;;Spjällmotorer SIE I;53,31;;;;
V;317854;;;Systemprodukter Carlo Gavazzi;43,00;;;;
V;317856;;;Aktorer Carlo Gavazzi;29,27;;;;
V;317858;;;Sensorer Carlo Gavazzi;37,31;;;;
V;317994;;;Solar Netto;50,00;;;;
V;318100;;;Strömställarsystem Exxact H1 =S= I;63,12;;;;
V;318102;;;Strömställarsystem Exxact H1 =S= II;68,35;;;;
V;318104;;;Strömställarsystem Exxact H1 =S= III;67,96;;;;
V;318106;;;Strömställarsyst Exxact storpack H1 =S=;63,12;;;;
V;318108;;;Strömställarsystem Exxact blister H1 =S=;72,70;;;;
V;318112;;;Strömställarsys Exxact Des/Sol H1 =S= I;72,00;;;;
V;318114;;;Strömställarsys Exxact Des/Sol H1 =S= II;70,00;;;;
V;318116;;;Timer Exxact H1 =S=;72,00;;;;
V;318118;;;Strömställarsys Exxact Timer H1 =S= II;69,44;;;;
V;318120;;;Timers Elektronisk H1 =S=;56,31;;;;
V;318124;;;Strömställare Exxact utp H1 =S= I;67,60;;;;
V;318126;;;Strömställare Exxact utp H1 =S= II;65,50;;;;
V;318128;;;Strömställare Wiser Zigbee H5 =S=;59,00;;;;
V;318129;;;Strömställare Wiser Zigbee H7 =S=;54,24;;;;
V;318130;;;Strömställarsystem Aqua-Stark HD =S= X;72,03;;;;
V;318132;;;Strömställarsystem Aqua-Stark HD =S= II;74,00;;;;
V;318140;;;Strömställarsystem Renova H1 =S= X;74,00;;;;
V;318142;;;Strömställarsystem Renova H1 =S= II;71,80;;;;
V;318144;;;Strömställarsystem Renova H1 =S= III;71,80;;;;
V;318146;;;Strömställarsystem Renova Elektr H1 =S=;71,00;;;;
V;318150;;;Strömställarsyst Robust HD =S=;63,23;;;;
V;318152;;;Renova bilsterpack H1 =S=;69,20;;;;
V;318155;;;Aqua Stark blisterpack HD =S=;65,20;;;;
V;318160;;;Strömställarsystem Trend HD =S= I;52,13;;;;
V;318162;;;Strömställarsys Exxact Trend HD =S= I;57,69;;;;
V;318164;;;Strömställarsystem Trend HD =S= III;63,96;;;;
V;318168;;;Strömställarsyst Trend Elektr HD =S= I;67,98;;;;
V;318171;;;Strömställare Renova utp H1 =S= I;69,96;;;;
V;318173;;;Strömställare Renova utp H1 =S= II;68,50;;;;
V;318178;;;Strömställarsystem övriga JC =S=;64,62;;;;
V;318180;;;Lamputtag Exxact H1 =S= X;73,01;;;;
V;318181;;;Lamputtag Exxact & Renova H1 =S=;63,96;;;;
V;318182;;;Lamputtag övriga HD =S=;66,50;;;;
V;318183;;;Lamputtag blisterpack HD =S=;61,47;;;;
V;318200;;;Apparater RS R11 Elko I;64,50;;;;
V;318201;;;Apparater RS Svart 58 Elko;49,50;;;;
V;318202;;;Apparater RS II 46 Elko;74,00;;;;
V;318204;;;Apparater RS X III 47 Elko;64,50;;;;
V;318206;;;Apparater RS R1 Elko IV;69,00;;;;
V;318208;;;Apparater RS 46 Elko V;71,00;;;;
V;318209;;;Apparater RS Bulkpack 46 Elko;70,50;;;;
V;318210;;;Apparater utv RS X R71 Elko I;65,17;;;;
V;318212;;;Apparater utv RS X R71 Elko II;66,00;;;;
V;318214;;;Apparater utv RS X R71 Elko III;69,00;;;;
V;318216;;;Elektronik RS 49 Elko;67,00;;;;
V;318218;;;ApparaterTbh RS I 48 Elko;68,00;;;;
V;318220;;;ApparaterTbh RS II 48 Elko;64,50;;;;
V;318222;;;Apparater Renvit RS X 35 Elko;69,14;;;;
V;318223;;;Apparater Renvit RS inf 58 II ELKO;65,43;;;;
V;318224;;;Apparater inf RS Renvit 58 III 58 Elko;66,00;;;;
V;318225;;;Apparater utv RS Renvit I 58 Elko;69,39;;;;
V;318226;;;Apparater utv RS Renvit II 58 Elko;63,50;;;;
V;318227;;;Apparater utv RS Renvit III 58 Elko;67,90;;;;
V;318230;;;Kapslat I 39 Elko;67,56;;;;
V;318232;;;Kapslat II 39 Elko;69,00;;;;
V;318234;;;Kapslat III 52 Elko;64,96;;;;
V;318236;;;ApparaterTbh 52 Elko;55,89;;;;
V;318240;;;Apparater PLUS P1 Elko I;70,50;;;;
V;318242;;;Apparater PLUS P1 Elko II;71,00;;;;
V;318244;;;Apparater Plus 41 Elko III;71,00;;;;
V;318245;;;Apparater Plus X Alu 55 Elko;71,00;;;;
V;318246;;;Plus Option 45 Elko;47,84;;;;
V;318247;;;Apparater tbh Plus I 43 Elko;65,71;;;;
V;318248;;;Apparater tbh Plus II 43 Elko;66,91;;;;
V;318254;;;Elektronik Plus 44 Elko;65,67;;;;
V;318256;;;Apparater Ocean Plus 41 Elko;59,00;;;;
V;318258;;;Apparater Ocean Plus tbh 43 Elko;59,00;;;;
V;318260;;;Apparater Ocean Plus X Svart 56 Elko;59,00;;;;
V;318270;;;Strömställare RG36 One ELKO;67,36;;;;
V;318272;;;Strömställare Tbh RG36 One ELKO;62,00;;;;
V;318274;;;Timer RG36 One ELKO;62,03;;;;
V;318276;;;Vägguttag RG36 One ELKO;67,36;;;;
V;318278;;;Ramar/Centrumlock RG36 One ELKO;64,50;;;;
V;318280;;;Förhöjningsramar RG36 One ELKO;62,20;;;;
V;318282;;;Hörnbox RG36 One ELKO;62,00;;;;
V;318286;;;Bulkpack ONE RG1C  ELKO;44,97;;;;
V;318290;;;1-Vägsuttag RS-Plus ELKO;52,79;;;;
V;318400;;;Jussi infällt I ABB;63,77;;;;
V;318402;;;Jussi infällt II ABB;57,11;;;;
V;318404;;;Jussi kapslat IP44 infällt ABB;61,47;;;;
V;318406;;;Jussi utanpåliggande IP20 ABB;63,54;;;;
V;318408;;;Jussi utanpåliggande IP44 ABB;59,81;;;;
V;318410;;;Impressivo I ABB;64,59;;;;
V;318412;;;Impressivo II ABB;63,54;;;;
V;318414;;;Impressivo utanpåliggande ABB;60,94;;;;
V;318418;;;Vägguttag Saga ABB;58,00;;;;
V;318420;;;Strömställare Decento I ABB;52,24;;;;
V;318424;;;Uttagslådor garant ABB;81,96;;;;
V;318426;;;Strömställare Saga ABB;65,00;;;;
V;318430;;;Lamputtag ABB;62,98;;;;
V;318432;;;CEE-don I Cewe;45,50;;;;
V;318434;;;CEE-don II Cewe;32,29;;;;
V;318436;;;Strömst./Vägguttag Multipack Saga ABB;62,00;;;;
V;318440;;;Dimmer Tbh Impressivo ABB;46,35;;;;
V;318442;;;Elektronik ABB;62,06;;;;
V;318444;;;Signalprodukter ABB;45,12;;;;
V;318448;;;Tillbehör Saga ABB;55,10;;;;
V;318450;;;Apparater SAGA IP44 ABB;40,61;;;;
V;318540;;;Uttag Garo;41,73;;;;
V;318570;;;Tryckknappar SG;54,08;;;;
V;318580;;;Knapp Styrenehet PLEJD;58,00;;;;
V;318600;;;Strömställarsystem Berker S1 Hager;69,00;;;;
V;318601;;;Strömställare Berker S1 Hager II;68,00;;;;
V;318602;;;Strömställarsystem Berker 1930 Hager;66,00;;;;
V;318604;;;Vägguttag utanp.  Hager;62,00;;;;
V;318606;;;KNX Brytar insatser Hager;43,00;;;;
V;318610;;;Berker Q.1 Hager;67,00;;;;
V;318614;;;Strömställare 1903 I Berker Hager;66,09;;;;
V;318615;;;Strömställare 1903 II Berker Hager;67,00;;;;
V;318616;;;Strömställare 1903 III Berker Hager;64,50;;;;
V;318617;;;Strömställare 1903 IIII Berker Hager;56,73;;;;
V;318622;;;Uttagssystem ELIT AB;56,36;;;;
V;318640;;;Apparater Norwesco;64,62;;;;
V;318994;;;Solar Netto;50,00;;;;
V;318995;;;Solar Plus;50,00;;;;
V;320100;;;Smältsäkringar IFÖ Electric;67,97;;;;
V;320102;;;Knivsäkringar IFÖ Electric I;73,28;;;;
V;320104;;;Knivsäkringar IFÖ Electric II;70,38;;;;
V;320106;;;Passdelar IFÖ Electric;69,83;;;;
V;320108;;;Huvar IFÖ Electric;68,94;;;;
V;320110;;;Reduktionshylsor IFÖ Electric;68,01;;;;
V;320240;;;Säkring SITOR & SILIZED 016 SIE;77,37;;;;
V;320260;;;Säkringar ochTbh Hellermann;77,17;;;;
V;320300;;;Säkringstillbehör HC =S=O;78,51;;;;
V;320301;;;Säkringselement HD =S=O;78,51;;;;
V;320340;;;Finsäkringar, Anslag & Sortbox.;85,06;;;;
V;320380;;;NH-knivsäkring inklTbh 017 Sie;83,34;;;;
V;320402;;;Proppskåp PM9P2;75,72;;;;
V;320425;;;Säkringsmateriel TBH;63,40;;;;
V;320500;;;Säkerhetsproppar mm Hammarprodukter;62,68;;;;
V;320990;;;Solar Plus Diazedsäkringar;50,00;;;;
V;320991;;;Solar Plus Anslagsramar;50,00;;;;
V;320992;;;Solar Plus Sortiment Finsäkringar;50,00;;;;
V;320994;;;Solar Netto;50,00;;;;
V;320995;;;Solar Plus Knivsäkringar;50,00;;;;
V;321100;;;Dvärgbrytare 6 kA Hager I;79,91;;;;
V;321102;;;Dvärgbrytare 6 kA Hager II;78,09;;;;
V;321104;;;Dvärgbrytare 6kA QC Hager II;78,00;;;;
V;321106;;;Dvärgbrytare 6kA QC Hager X;80,50;;;;
V;321108;;;Dvärgbrytare övriga Hager;77,40;;;;
V;321110;;;Dvärgbrytare 10kA Hager;76,00;;;;
V;321120;;;Fasskenor Hager;81,03;;;;
V;321122;;;Huvudbrytare Hager;80,05;;;;
V;321124;;;Jordfelsbrytare Hager X;80,70;;;;
V;321126;;;Jordfelsbrytare Hager II;80,72;;;;
V;321127;;;Personskyddsaut. Hager X;79,43;;;;
V;321128;;;Personskyddsaut. Hager;77,95;;;;
V;321130;;;Tbh norm Hager;77,40;;;;
V;321200;;;Dvärgbrytare iC60H B SB =S=O;61,49;;;;
V;321202;;;Dvärgbrytare iC60H C SB =S=O;75,82;;;;
V;321204;;;Dvärgbrytare iC60H D SB =S=O;55,66;;;;
V;321206;;;Dvärgbrytare iC60N B SB =S=O;67,33;;;;
V;321208;;;Dvärgbrytare iC60N C SB =S=O;75,24;;;;
V;321210;;;Dvärgbrytare iC60N D SB =S=O;60,00;;;;
V;321211;;;DVÄRGBRYTARE RESI9 =S=O;66,34;;;;
V;321212;;;Dvärgbrytare C60H D SF =S=O;58,34;;;;
V;321213;;;Dvärgbrytare C60H D RA =S=O;67,17;;;;
V;321220;;;Jordfelsbrytare A9 I SA =S=O;76,00;;;;
V;321222;;;Jordfelsbrytare A9 II SA =S=O;76,00;;;;
V;321224;;;Jordfelsbrytare ID SA =S=O;60,67;;;;
V;321228;;;Personskyddsbr. A9 iVigi/iDPN SA =S=O;68,07;;;;
V;321231;;;Compact RCBO B-kurva SB =S=O;80,21;;;;
V;321234;;;Ljusbågsvakt AFDD SA =S=O;43,04;;;;
V;321236;;;Resi9 & Wiser SU =S=O;56,80;;;;
V;321240;;;Tbh C60 SP =S=O;80,55;;;;
V;321241;;;Tbh C60 SA =S=O;81,33;;;;
V;321242;;;Fasskena A9 SC =S=O;62,09;;;;
V;321244;;;Fasskena C60 SQ =S=O;80,00;;;;
V;321246;;;Huvudbrytare Norm VARIO BL =S=O;67,09;;;;
V;321248;;;Normomkopplare A9 RJ =S=O;50,45;;;;
V;321260;;;A9 C120N+VigiC120 RA =S=O;52,46;;;;
V;321262;;;A9 iC60L/iC60HDC/Reflex/DPN N RD =S=O;40,15;;;;
V;321276;;;Kommunikation Smartlink UF =S=O;53,16;;;;
V;321277;;;Kommunikation Smartlink BK =S=O;53,16;;;;
V;321278;;;NG125/VigiNG125 SB =S=O;76,80;;;;
V;321279;;;NG125/VigiNG125 SA =S=O;73,78;;;;
V;321280;;;Tbh elektriska A9 RN =S=O;68,68;;;;
V;321282;;;Tbh mekaniska A9 SB =S=O;30,13;;;;
V;321290;;;Tbh normkapsling I SR =S=O;77,09;;;;
V;321292;;;Normkapsling Mini-Opale RC =S=O;84,90;;;;
V;321294;;;MCB Multi9 UL SF =S=;35,48;;;;
V;321296;;;MCB Multi9 IEC SG =S=O;54,90;;;;
V;321300;;;Dvärgbrytare S200 71-70 ABB;78,66;;;;
V;321302;;;Dvärgbrytare S200 71-42 ABB;77,80;;;;
V;321304;;;Dvärgbrytare S200 71-73 ABB;78,88;;;;
V;321306;;;Dvärgbrytare S200 71-55 ABB;80,46;;;;
V;321307;;;Dvärgbrytare S200 71-57 ABB;74,78;;;;
V;321308;;;Dvärgbrytare S200 71-77 ABB;79,06;;;;
V;321309;;;Dvärgbrytare S200 71-64 ABB;77,72;;;;
V;321313;;;Dvärgbrytare S200 71-75 ABB;78,88;;;;
V;321314;;;Fasskena PS ABB;78,93;;;;
V;321315;;;Fasskena 71-net ABB;78,82;;;;
V;321320;;;Jordfelsbrytare F200 ABB;79,99;;;;
V;321321;;;Jordfelsbrytare F200 II ABB;81,06;;;;
V;321326;;;Personskyddsbrytare ABB;79,67;;;;
V;321327;;;Personskyddsbrytare 72-58  ABB;79,55;;;;
V;321328;;;Personskyddsbrytare 72-64 ABB;79,14;;;;
V;321329;;;Personskyddsbrytare 72-75 ABB;76,91;;;;
V;321330;;;Personskyddsbrytare Netto ABB;62,12;;;;
V;321338;;;Normmateriel Fästmateriel ABB;72,31;;;;
V;321340;;;Tbh Dvärgbrytare S200 71-42 ABB;79,11;;;;
V;321342;;;Tbh Normapparater ABB;70,30;;;;
V;321350;;;Kopplingsur ABB;86,00;;;;
V;321352;;;Kortsl.begränsare S800 ABB;68,35;;;;
V;321354;;;Lastbrytare I ABB;78,93;;;;
V;321400;;;Dvärgbrytare 5SL6 001 Sie I;81,91;;;;
V;321401;;;Dvärgbrytare 5SL4 I 001 SIE;91,90;;;;
V;321402;;;Dvärgbrytare 5SL6 001 Sie II;83,91;;;;
V;321403;;;Dvärgbrytare 5SL4 II 001 SIE;89,48;;;;
V;321404;;;Dvärgbrytare 5SP4 002 SIE;88,18;;;;
V;321406;;;Dvärgbrytare 5SY4 002 Sie I;79,21;;;;
V;321408;;;Dvärgbrytare 5SY4 002 Sie II;83,06;;;;
V;321410;;;Dvärgbrytare 5SY5 002 SIE;87,48;;;;
V;321412;;;Dvärgbrytare 5SY6 001 Sie I;85,56;;;;
V;321414;;;Dvärgbrytare 5SY6 001 Sie II;88,80;;;;
V;321416;;;Dvärgbrytare 5SY7 003 SIE;86,80;;;;
V;321418;;;Dvärgbrytare 5SY8 003 SIE;89,00;;;;
V;321420;;;Dvärgbrytare special 019 SIE;78,35;;;;
V;321422;;;Dvärgbrytare 5SJ6 001 SIE;78,48;;;;
V;321424;;;Dvärgbrytare UL489 005 SIE;81,76;;;;
V;321428;;;Jordfelsbrytare 5SM2 011 SIE;82,68;;;;
V;321430;;;Jordfelsbrytare 5SM3 011 Sie I;82,27;;;;
V;321432;;;Jordfelsbrytare 5SM3 011 Sie II;84,46;;;;
V;321436;;;Personskyddsaut 5SU1 008 Sie I;79,10;;;;
V;321438;;;Personskyddsaut 5SU1 008 Sie II;87,85;;;;
V;321440;;;Ljusbågsvakter 007 SIE;74,68;;;;
V;321441;;;AFD+Dvärgbrytare 1BA SIE;34,16;;;;
V;321460;;;Tbh dvärgbrytare 020 Sie I;82,79;;;;
V;321462;;;Tbh dvärgbrytare 020 Sie II;87,56;;;;
V;321470;;;Normcentraler Simbox  Tbh 032 SIE;74,57;;;;
V;321480;;;N-komp övervakningsapp anl 026 SIE;86,19;;;;
V;321484;;;N-komp Strömst 5TE 029 Sie I;83,43;;;;
V;321486;;;N-komp Strömst 5TE 029 Sie II;81,13;;;;
V;321500;;;Dvärgbrytare 1489-M UL489 B501G A-B;64,43;;;;
V;321502;;;Dvärgbrytare 1492-SPM B503G A-B;65,86;;;;
V;321504;;;Dvärgbrytare 188-J X286A A-B;54,22;;;;
V;321506;;;Tbh dvärgbrytare 189-/189 B502G A-B;64,16;;;;
V;321510;;;Jordfelsbrytare 1492-RCD B503G A-B;62,96;;;;
V;321512;;;Normapparater 1492-CB,1492-GH AB;57,81;;;;
V;321600;;;Normapparater Eldon I;68,00;;;;
V;321602;;;Normapparater Eldon II;66,00;;;;
V;321606;;;Normapparater Eldon IIII;57,32;;;;
V;321608;;;Normapparater Eldon;60,41;;;;
V;321704;;;Personskyddsbrytare II Garo;74,00;;;;
V;321708;;;Kopplingsur Garo;68,00;;;;
V;321712;;;Normkomponenter Garo;68,00;;;;
V;321715;;;Dvärgbrytare 6kA I  Garo;68,50;;;;
V;321716;;;Dvärgbrytare 6kA II Garo;68,20;;;;
V;321717;;;Dvärgbrytare 10kA I Garo;67,00;;;;
V;321718;;;Dvärgbrytare 10kA II Garo;64,99;;;;
V;321719;;;Fasskenor Garo;71,00;;;;
V;321720;;;Jordfelsbrytare I Garo;73,00;;;;
V;321721;;;Jordfelsbrytare II Garo;75,50;;;;
V;321722;;;Personskyddsbrytare I Garo;73,00;;;;
V;321723;;;Huvudbrytare Garo;71,00;;;;
V;321800;;;Huvudbrytare Norm K&N;82,83;;;;
V;321810;;;Sektionsbrytare Norm K&N;72,14;;;;
V;321820;;;Jfb ReStart Gewiss Malthe Winje;51,10;;;;
V;321900;;;Lastfrånskiljare norm COMPACT Ensto;72,50;;;;
V;321910;;;DIN Uttag Phönix;36,90;;;;
V;321930;;;Normprodukter AEG;59,80;;;;
V;321940;;;Normkapslingar Hensel;66,32;;;;
V;321970;;;Dvärgbrytare Eaton 2500;28,09;;;;
V;321992;;;Plus;50,00;;;;
V;321994;;;Solar Netto;50,00;;;;
V;321995;;;Solar Plus;50,00;;;;
V;322100;;;Kapsling Gamma Hager I;77,00;;;;
V;322101;;;Kapsling Gamma Hager X;78,15;;;;
V;322102;;;Kapsling Gamma Hager II;75,57;;;;
V;322103;;;Kapsling Gamma Hager III;75,10;;;;
V;322110;;;Kapsling Vector Hager;77,32;;;;
V;322112;;;Kapsling Volta Hager;75,13;;;;
V;322114;;;Kapslingar övriga Hager;73,40;;;;
V;322120;;;Media och Kombicentraler Hager;73,00;;;;
V;322122;;;Mätarblock, -tavlor & -skåp Hager;77,00;;;;
V;322124;;;Normskåp Hager;74,50;;;;
V;322126;;;Kapsling FW Hager;75,70;;;;
V;322128;;;Väggskåp univers Hager;71,00;;;;
V;322130;;;Skåp univers Hager;75,00;;;;
V;322140;;;Tbh normkapslingar Hager;72,20;;;;
V;322142;;;Data/Tele/TV Hager;72,41;;;;
V;322190;;;Kopplingsplint Wago;45,61;;;;
V;322200;;;Centraler AD Eldon;70,77;;;;
V;322202;;;Norm tbh AD Eldon;70,29;;;;
V;322204;;;Centraler AM Eldon;61,98;;;;
V;322206;;;Normkapsling DB AQ Eldon;63,00;;;;
V;322208;;;Norm tbh AN Eldon;74,50;;;;
V;322210;;;Mätarskåp & tavlor Eldon;72,50;;;;
V;322220;;;Normel AJ Eldon;57,88;;;;
V;322222;;;Normel AM Eldon;60,19;;;;
V;322224;;;Normel AG Eldon;62,24;;;;
V;322230;;;Normkapsling ENVQ AJ Eldon;60,73;;;;
V;322232;;;Normel AN Eldon;65,48;;;;
V;322300;;;Normkapsling SR =S=O;83,55;;;;
V;322301;;;Normkapsling PrismaSeT SC =S=;67,00;;;;
V;322304;;;Skensystem CMD/AK5 MD =S=O;73,32;;;;
V;322306;;;Tbh normkapsling II SR =S=O;81,40;;;;
V;322307;;;Tbh normkapsling II MB =S=O;81,00;;;;
V;322308;;;MG + Övriga fasskenor/plint SQ =S=;35,48;;;;
V;322310;;;Normkapsling Resi9 RC =S=;64,79;;;;
V;322404;;;Normkapsling ABB I;61,39;;;;
V;322406;;;Normkapsling ABB II;59,16;;;;
V;322408;;;Normkapsling ABB III;61,01;;;;
V;322600;;;Centralsystem IP20 Garo;71,00;;;;
V;322602;;;Mätarblock & -tavlor Garo;71,71;;;;
V;322603;;;Mätarskåp Garo X;71,59;;;;
V;322604;;;Mätarskåp Garo;71,14;;;;
V;322611;;;Kapsling norm plast utanpål. Garo;71,00;;;;
V;322612;;;Kapsling norm plåt utanpål. Garo;70,20;;;;
V;322613;;;Kapsling norm plåt infälld. Garo;70,00;;;;
V;322614;;;Media och Kombicentraler Garo;67,94;;;;
V;322615;;;Tbh normkapslingar Garo;70,40;;;;
V;322620;;;Tillfällig El Tbh Elflex Garo;59,76;;;;
V;322700;;;Elfördeln Alpha DIN + Alpha AS 039 SIE;72,26;;;;
V;322702;;;Normcentraler Simbox 032 SIE;73,47;;;;
V;322704;;;Säkringslastbrytare m.Tbh 143 Sie;85,59;;;;
V;322904;;;Media Och Kombicentraler Ensto;59,39;;;;
V;322906;;;Normkapsling medTbh Rittal;66,96;;;;
V;322908;;;Skensystem Rittal;70,07;;;;
V;322909;;;RilineX Rittal;44,09;;;;
V;322990;;;Solar Plus Mätarplatser;50,00;;;;
V;322991;;;Solar Plus Centraler;50,00;;;;
V;322994;;;Solar Netto;50,00;;;;
V;322995;;;Solar Plus;50,00;;;;
V;323100;;;HPK Eldon;64,85;;;;
V;323104;;;Unik-T Eldon I;45,12;;;;
V;323110;;;Tbh Eldon I;58,33;;;;
V;323114;;;Tbh Eldon II;48,78;;;;
V;323200;;;Centralsystem Garo;64,20;;;;
V;323300;;;Kabelskåp Kabeldon;59,12;;;;
V;323994;;;Solar Netto;50,00;;;;
V;324100;;;MVC GARO;59,19;;;;
V;324104;;;MVC I GARO;58,24;;;;
V;324108;;;MVC II GARO;54,97;;;;
V;324110;;;MVC III Garo;53,81;;;;
V;324112;;;Motorvärmare Entity Heat Garo;56,12;;;;
V;324120;;;UTTAGSLÅDOR GARO;56,80;;;;
V;324122;;;Laddstolpar Garo;61,50;;;;
V;324124;;;IEC/CEE-don Garo;56,00;;;;
V;324130;;;Tillfällig El  Elflex Garo;59,28;;;;
V;324206;;;Laddstationer ABB;61,50;;;;
V;324210;;;Ansl.don IEC o byggplatsc. Amphenol I;62,49;;;;
V;324212;;;Ansl.don IEC o byggplatsc. Amphenol II;61,60;;;;
V;324216;;;Tbh anslutningsdon Amphenol;58,48;;;;
V;324220;;;Spisdon ABB;66,00;;;;
V;324224;;;Blockerade uttag Amphenol;55,93;;;;
V;324228;;;Modulkombi o reservkraft Amphenol;48,26;;;;
V;324300;;;Byggcentraler Elbjörn;47,19;;;;
V;324324;;;CEE-DON Quick BALS;72,26;;;;
V;324400;;;Sladdställ Skarvsladdar Axjo;59,47;;;;
V;324500;;;Åskskyddssystem vario OBO;64,00;;;;
V;324508;;;Industri- och specialkontaktsystem OBO;64,77;;;;
V;324550;;;Uttag Pelare Niko;37,69;;;;
V;324602;;;Sladdställ Skarvsladdar;75,21;;;;
V;324620;;;Kabelvindor HB =S=;48,19;;;;
V;324700;;;CEE-DON BALS;75,53;;;;
V;324708;;;CEE-DON BALS SPEC.;86,39;;;;
V;324750;;;Stolpar och fästen CDVI;34,74;;;;
V;324850;;;Laddstationer Eldon;67,00;;;;
V;324890;;;Laddstationer Sellpower;59,44;;;;
V;324900;;;Perilex HD =S=;64,81;;;;
V;324902;;;MVC EL-BE;41,62;;;;
V;324904;;;Div MVC Materiel;40,40;;;;
V;324910;;;MVC materiel Fibox;49,72;;;;
V;324912;;;Kabelvindor IRC;59,35;;;;
V;324914;;;LKB  Björkman;61,46;;;;
V;324916;;;Spisdon Norwesco;62,22;;;;
V;324940;;;Stickpropp CEE Norwesco;44,16;;;;
V;324942;;;Skarvuttag CEE Norwesco;44,16;;;;
V;324944;;;Vägguttag CEE Norwesco;44,16;;;;
V;324950;;;Laddstationer  Ensto;60,00;;;;
V;324990;;;Solar Plus Kraftuttag CEE;50,00;;;;
V;324994;;;Solar Netto;50,00;;;;
V;324995;;;Solar Plus Sladdställ;50,00;;;;
V;325102;;;Väggskåp AE RF Rittal;57,16;;;;
V;325104;;;Kapsling AX Rittal;46,23;;;;
V;325106;;;Tbh Kapsling AX Rittal;45,79;;;;
V;325108;;;Kapsling AX Rf Rittal;41,63;;;;
V;325112;;;VäggskåpTbh Rittal;56,03;;;;
V;325122;;;Golvskåp VX Rittal;57,12;;;;
V;325124;;;Kapsling EB Rittal;48,80;;;;
V;325126;;;Kapsling KL Rittal;55,35;;;;
V;325128;;;Kapsling KX Rittal;46,65;;;;
V;325129;;;Tbh Kapsling KX Rittal;36,71;;;;
V;325130;;;Klimatisering Rittal;56,57;;;;
V;325132;;;Tbh golvskåp Rittal;56,37;;;;
V;325140;;;Dataskåp Rittal;57,43;;;;
V;325200;;;Väggskåp CRN PE =S=O;69,38;;;;
V;325202;;;Väggskåp Rostfritt PD =S=O;70,37;;;;
V;325204;;;Väggskåp S3D I PF =S=O;63,94;;;;
V;325206;;;Väggskåp S3D II PF =S=O;65,60;;;;
V;325208;;;Väggskåp Thalassa PG =S=O;66,94;;;;
V;325220;;;Golvskåp SF I PA =S=O;67,02;;;;
V;325224;;;Golvskåp SM I PA =S=O;68,52;;;;
V;325226;;;Golvskåp SM II PA =S=O;67,47;;;;
V;325232;;;Kopplingslåda plåt SBM PA =S=O;64,68;;;;
V;325234;;;Kopplingslåda TBP/TBS/Mureva PG =S=O;67,41;;;;
V;325236;;;Pulpet SD PA =S=O;62,53;;;;
V;325240;;;Flänsar S3D PB =S=O;62,53;;;;
V;325242;;;Tbh Golvskåp SF/SM PA =S=O;70,17;;;;
V;325244;;;Montagetillbehör PB =S=O;68,86;;;;
V;325246;;;Tbh väggskåp S3D PF =S=O;68,48;;;;
V;325248;;;Tbh kopplingslåda plåt SBM PB =S=O;64,68;;;;
V;325250;;;Klimatisering PC =S=O;72,53;;;;
V;325252;;;Actassi Dataskåp 3C =S=;25,79;;;;
V;325254;;;Actassi DataskåpTbh 3B =S=;23,72;;;;
V;325300;;;Plastkapsling CAB Fibox;57,53;;;;
V;325304;;;Plastkapsling EK Fibox;61,32;;;;
V;325306;;;Plastkapsling EURO P Fibox;62,89;;;;
V;325308;;;Plastkapsling EURO PC Fibox;64,44;;;;
V;325310;;;Plastkapsling MNX Fibox;63,76;;;;
V;325312;;;Plastkapsling PICCOLO Fibox;61,65;;;;
V;325314;;;Plastkapsling QUICK Fibox;57,94;;;;
V;325316;;;Plastkapsling SOLID Fibox;63,32;;;;
V;325320;;;Apparatskåp ARCA Fibox;64,85;;;;
V;325322;;;Apparatskåp ARCATbh Fibox;66,82;;;;
V;325326;;;Metallkapsling ALU Fibox;64,61;;;;
V;325340;;;Tbh kapsling Fibox I;62,20;;;;
V;325342;;;Tbh kapsling Fibox II;62,88;;;;
V;325344;;;Tbh kapsling CAB (RF) Fibox;56,70;;;;
V;325346;;;Flänsmateriel Fibox;63,74;;;;
V;325400;;;Kapsling Cubo C Ensto;62,04;;;;
V;325402;;;Kapsling CUBO D ABS Ensto;61,91;;;;
V;325404;;;Kapsling CUBO D PC Ensto;60,94;;;;
V;325408;;;Kapsling CUBO H AL Ensto;58,96;;;;
V;325410;;;Kapsling CUBO M Ensto;54,22;;;;
V;325412;;;Kapsling CUBO O ABS Ensto;63,67;;;;
V;325414;;;Kapsling CUBO O PC Ensto;64,43;;;;
V;325418;;;Kapsling CUBO S ABS Ensto;56,21;;;;
V;325420;;;Kapsling CUBO S PC Ensto;70,87;;;;
V;325422;;;Kapsling CUBOTbh Ensto;71,13;;;;
V;325430;;;Kapsling Special Ensto;66,40;;;;
V;325432;;;Kopplingslåda CUBO T Ensto;56,00;;;;
V;325434;;;Kopplingslåda CUBO W Ensto;45,57;;;;
V;325454;;;Mediacentral &Tbh Ensto;60,18;;;;
V;325460;;;DIN-skena CUBO Ensto;63,39;;;;
V;325462;;;Flänsmateriel Ensto;70,36;;;;
V;325466;;;Montageplåt CUBO Ensto;50,51;;;;
V;325499;;;Blått Stego;35,48;;;;
V;325506;;;Väggskåp MAD Hoffman;66,39;;;;
V;325508;;;Väggskåp MAP Hoffman;48,86;;;;
V;325510;;;Väggskåp MAS Hoffman;66,94;;;;
V;325512;;;Golvskåp MCD Hoffman;50,00;;;;
V;325514;;;Golvskåp MCS Hoffman;51,03;;;;
V;325516;;;Golvskåp MKD Hoffman;58,77;;;;
V;325518;;;Golvskåp MKS Hoffman;48,86;;;;
V;325520;;;GolvskåpTbh Hoffman;59,49;;;;
V;325522;;;Väggskåp tbh Hoffman;60,71;;;;
V;325524;;;Flänsmateriel Hoffman;54,22;;;;
V;325526;;;Golvskåp tbh Hoffman;65,83;;;;
V;325530;;;Dataskåp Hoffman;56,96;;;;
V;325550;;;Dataskåp Electro-Enoc;65,39;;;;
V;325600;;;Xracks EFB;31,58;;;;
V;325650;;;Rack 19" Cabinet system;50,00;;;;
V;325700;;;BRYTARE HAGER;58,77;;;;
V;325800;;;Uttagsram 4 Murr;55,20;;;;
V;325820;;;Väggkapsling II Hoffman;39,02;;;;
V;325840;;;Golvskåp II Hoffman;39,02;;;;
V;325850;;;Anslutningslådor Hoffman;39,02;;;;
V;325860;;;Generella tbh Hoffman;41,47;;;;
V;325870;;;Manöverpanel Hoffman;35,29;;;;
V;325890;;;Plastkapsling II Hoffman;37,14;;;;
V;325894;;;Rostfritt II Hoffman;41,78;;;;
V;325970;;;Apparatskåp Eaton 2500;23,19;;;;
V;325994;;;Solar Netto;50,00;;;;
V;325995;;;Solar Plus;50,00;;;;
V;326100;;;Kabelflänsar Elektro Linden I;63,99;;;;
V;326102;;;Kabelflänsar Elektro Linden II;66,62;;;;
V;326108;;;Tbh kabelfänsar Elektro Linden;64,15;;;;
V;326110;;;Multiflänsar Trelleborg;66,13;;;;
V;326204;;;Isolator MERICON;58,87;;;;
V;326206;;;Isolerad distans MERICON;59,35;;;;
V;326210;;;Jordfläta Mericon I;65,07;;;;
V;326214;;;Jordskena medTbh Mericon;59,48;;;;
V;326218;;;Kopparskena solid MERICON;62,30;;;;
V;326220;;;Metalldistans MERICON;65,07;;;;
V;326222;;;Spiralslang Spirflex MERICON;63,94;;;;
V;326224;;;Tbh jordfl & isol strömskena Mericon I;64,95;;;;
V;326226;;;Tbh jordfl & isol strömskena Mericon II;50,51;;;;
V;326228;;;Övergång/distributionsblock MERICON;65,20;;;;
V;326300;;;Profilskenor MP;73,58;;;;
V;326400;;;Membranflänsar S3D PB =S=O;64,11;;;;
V;326500;;;Anslut. & Avgreningsplint;69,50;;;;
V;326600;;;Monteringsskenor Hoffman;74,05;;;;
V;326700;;;Anslut. & Avgreningsplint Ensto;72,41;;;;
V;326800;;;Flänsmaterial Garo;63,69;;;;
V;326830;;;Flänsmaterial Rutab;75,68;;;;
V;326970;;;Avgreningsplintar Eaton 2500;15,61;;;;
V;326994;;;Solar Netto;50,00;;;;
V;326995;;;Solar Plus;50,00;;;;
V;327100;;;Brandkårsbrytare sol Elrond;71,00;;;;
V;327110;;;Tillbehör E-mobility Melbye;45,18;;;;
V;327150;;;Laddstationer  Hager;50,25;;;;
V;327201;;;E-mobility tillbehör Next Green II;54,08;;;;
V;327300;;;Laddstation AC Rolec;41,12;;;;
V;327302;;;Laddstation DC Rolec;41,12;;;;
V;327304;;;Tillbehör laddstationer Rolec;45,89;;;;
V;327500;;;Stock Laddstationer C-TEK;62,41;;;;
V;327501;;;Laddstation Njord Go CTEK;69,28;;;;
V;327502;;;Laddstation CTEK II;64,00;;;;
V;327510;;;Laddstolpar Hager;41,50;;;;
V;327520;;;Entity Pro Garo E-mobility;43,69;;;;
V;327521;;;Entity Home Garo E-mobility;41,47;;;;
V;327525;;;Entity Flex Garo Elflex;36,22;;;;
V;327526;;;Enegic Perific;41,12;;;;
V;327527;;;E-mobility tillbehör II Perific;41,12;;;;
V;327528;;;E-mobility tillbehör III Perific;41,33;;;;
V;327530;;;Laddstationer Charge Amps;44,32;;;;
V;327532;;;Tillbehör Charge amps;36,39;;;;
V;327540;;;Laddstationer AC II 8D =S=;69,00;;;;
V;327541;;;Tillbehör eMobility 8A =S=;34,01;;;;
V;327542;;;Laddstationer DC 8A =S=;45,18;;;;
V;327543;;;Laddstationer AC I 8B =S=;51,98;;;;
V;327551;;;Tillbehör Eldon;39,09;;;;
V;327552;;;Laddstation One & Duo Eldon;67,20;;;;
V;327553;;;Laddstation eHome Eldon;64,29;;;;
V;327555;;;Hemma Easee;37,24;;;;
V;327557;;;Tillbehör Easee;38,73;;;;
V;327590;;;Tillbehör Solplanet;45,00;;;;
V;327593;;;Batteri Solplanet;45,00;;;;
V;327595;;;Växelriktare Solplanet;50,50;;;;
V;327605;;;Solceller Longi;54,92;;;;
V;327620;;;Solceller Astroenergy;84,77;;;;
V;327650;;;Växelriktare Huawei;44,00;;;;
V;327655;;;Tillbehör Huawei;44,00;;;;
V;327660;;;Montagematerial Solceller Novotegra;45,50;;;;
V;327665;;;Solentra I TJB;45,92;;;;
V;327666;;;Solentra II TJB;54,08;;;;
V;327700;;;Batterilager Sell Power;49,24;;;;
V;327800;;;Växelriktare & Batterier EcoFlow;39,09;;;;
V;327802;;;Tillbehör EcoFlow;38,07;;;;
V;327804;;;Laddstationer EcoFlow;39,59;;;;
V;327806;;;Värmepumpar EcoFlow;35,03;;;;
V;327993;;;Solar Plus Lastbalansering;50,00;;;;
V;327994;;;Solar Netto;50,00;;;;
V;327995;;;Solar Plus;50,00;;;;
V;328100;;;Skensystem Canalis KB/KN YA =S=O;41,26;;;;
V;328101;;;Skensystem Canalis KB/KN YB =S=O;41,26;;;;
V;328104;;;Skensystem Canalis KS/KT/KR YB =S=O;47,29;;;;
V;328108;;;Modular CEE Canalis HA =S=O;60,56;;;;
V;328109;;;Kanelskenor tillbehör SC =S=O;60,56;;;;
V;328200;;;Skensystem BD01 I Scanelec;47,11;;;;
V;328202;;;Skensystem BD01 II Scanelec;36,71;;;;
V;328204;;;Skensystem BD2 I Scanelec;46,34;;;;
V;328994;;;Solar Netto;50,00;;;;
V;329100;;;Plint W-serien P110 Weidm I;67,89;;;;
V;329102;;;Plint W-serien P110 Weidm II;63,54;;;;
V;329104;;;Plint W-serien P110Weidm III;61,45;;;;
V;329105;;;Plint W-serien P110 Weidm IV;76,12;;;;
V;329106;;;Tbh plint W-serien P171 Weidm I;61,89;;;;
V;329108;;;Tbh plint W-serien P171 Weidm II;60,29;;;;
V;329110;;;Tillbehör plint A-serie P173 Weidm;62,18;;;;
V;329112;;;Plint A-serie I P130 Weidm;69,05;;;;
V;329114;;;Plint A-serie II P131 Weidm;61,10;;;;
V;329120;;;Tbh plint övriga P179 Weidm;39,65;;;;
V;329122;;;W-serien Insta P111 Weidm;62,22;;;;
V;329124;;;Plint Z-serienTbh P172 Weidm;64,12;;;;
V;329128;;;Tbh SAK plint P170 Weidm;59,18;;;;
V;329132;;;Plint Z-serien P120 Weidm III;59,32;;;;
V;329140;;;Plint P-serien P126 Weidm;59,48;;;;
V;329142;;;Plint Z-serien P120 Weidm I;66,95;;;;
V;329144;;;Plint Z-serien P120 Weidm II;64,69;;;;
V;329146;;;Tbh plint övriga P179 Weidm II;62,24;;;;
V;329148;;;Plint SAK-serien P100 Weidm;53,49;;;;
V;329150;;;Apparatplintar P142 Weidm;58,13;;;;
V;329152;;;Plint övriga till TS 15 P141 Weidm;55,94;;;;
V;329156;;;Plint övriga P140 Weidm;61,47;;;;
V;329160;;;Montagehjälpmedel D900 Weidm;47,00;;;;
V;329162;;;Elektronikkapslingar tomma P420 Weidm;53,16;;;;
V;329164;;;Märkband D900 Weidm;45,57;;;;
V;329166;;;Märkning övrig (Dekafix) P177 Weidm II;58,07;;;;
V;329174;;;Etikett P176 Weidm;49,83;;;;
V;329178;;;Överkoppling riderserien E533 Weidm;52,37;;;;
V;329179;;;Övervakning E553 Weidm;50,90;;;;
V;329182;;;Märkning CableLine I P178 Weidm;55,91;;;;
V;329184;;;Märkning övrig (Dekafix) P177 Weidm I;56,71;;;;
V;329186;;;Märkning Multicard P175 Weidm;56,99;;;;
V;329188;;;Industridon RockStar P201 Weidm;52,21;;;;
V;329190;;;Industridon P200 Weidm;43,15;;;;
V;329200;;;Plint 1492-J II B549H A-B;65,03;;;;
V;329202;;;Plint 1492-J I B549H A-B;71,21;;;;
V;329210;;;Plint snabbansl 1492-L B5210 A-B II;66,94;;;;
V;329220;;;Tbh plint 1492-W B5207 A-B I;75,67;;;;
V;329222;;;Tbh plint 1492-W B5207 A-B II;66,94;;;;
V;329224;;;Anslutningsblock 1492 B5187 A-B;58,46;;;;
V;329226;;;Tbh 1492-J/K/L B5214 A-B;63,48;;;;
V;329230;;;Märkning till 1492-plint B5215 A-B;79,43;;;;
V;329244;;;Plint snabbanslutning 1492-L I B5210 A-B;70,05;;;;
V;329300;;;Plint NSY VA =S=O;72,18;;;;
V;329306;;;Kabelkanaler AK2 VA =S=O;41,77;;;;
V;329350;;;Han-kontakter;35,56;;;;
V;329400;;;Kabelkanal slitsad Canalplast;74,49;;;;
V;329402;;;Kabelkanal täckt Canalplast;73,50;;;;
V;329404;;;Kabelkanal slitsad HF Canalplast;73,57;;;;
V;329406;;;Spiralslang Canalplast;75,56;;;;
V;329408;;;Tbh kabelkanal Canalplast;74,80;;;;
V;329500;;;PGS 10 mm PT, PTE 9,5 mm Fleximark 23;51,33;;;;
V;329502;;;Dymo Fleximark 40;57,71;;;;
V;329504;;;FL52 PG/PTE Verktyg Fleximark 80;53,48;;;;
V;329510;;;PTE 12 mm Fleximark 37;53,55;;;;
V;329514;;;Flexilabel Fleximark 69;49,47;;;;
V;329516;;;Flexiprint Fleximark 70;49,47;;;;
V;329518;;;PTE 6 mm Fleximark 36;46,80;;;;
V;329520;;;Märkning syrafast Fleximark 41;45,25;;;;
V;329528;;;Tbh Mini/Maxi Fleximark 50;44,30;;;;
V;329530;;;PGS, PT, PTE 19 mm Fleximark 33;38,14;;;;
V;329532;;;PTE 25 mm Fleximark 34;44,32;;;;
V;329534;;;Kabelmärkning FCC Fleximark 17;24,05;;;;
V;329536;;;Kabelmärkning syrafast FCC Fleximark 16;49,24;;;;
V;329540;;;Montörpaket Fleximark;44,53;;;;
V;329542;;;Dymo XTL tillbehör;47,80;;;;
V;329600;;;Montageskena SOLAR;70,22;;;;
V;329700;;;Kabelkanal Rittal;66,94;;;;
V;329702;;;Tbh kabelkanal Rittal;66,13;;;;
V;329704;;;Spiralslang Rittal;59,87;;;;
V;329710;;;Plint I Phönix;43,55;;;;
V;329711;;;Plint II AE Phoenix;20,00;;;;
V;329712;;;Plint II Phönix;47,48;;;;
V;329713;;;Plint II AG Phoenix;25,32;;;;
V;329714;;;Industridon Phönix;38,10;;;;
V;329716;;;Märkning Phönix;40,95;;;;
V;329717;;;Industridon AG Phoenix;32,56;;;;
V;329718;;;Säkringar Phönix;9,44;;;;
V;329719;;;Märkning AE Phoenix;11,39;;;;
V;329721;;;Märkning Thermomark Phoenix;32,26;;;;
V;329800;;;Plint övriga Gycom;63,83;;;;
V;329802;;;Industridon Wieland;52,73;;;;
V;329840;;;Anslutningsplint CLAMPO Ensto;67,89;;;;
V;329860;;;Kabelkanal/Spiralslang HAGER;73,60;;;;
V;329862;;;Kabelkanal/Spiralslang HF HAGER;69,98;;;;
V;329874;;;Slitsade kabelkanaler ABB;58,62;;;;
V;329900;;;Märksystem 3M;56,43;;;;
V;329902;;;Märksystem C-Pro;57,03;;;;
V;329903;;;UNEX kabelkanaler C-pro;54,36;;;;
V;329904;;;Montageskena Hoffman;68,01;;;;
V;329908;;;Märksystem Linjedon;54,60;;;;
V;329910;;;Kabelkanal Hellermann Tyton;65,78;;;;
V;329912;;;Märksystem Hellermann Tyton;44,53;;;;
V;329914;;;Märksystem Nitto;55,46;;;;
V;329916;;;Märkning Partex;59,40;;;;
V;329917;;;Sprialslang Partex;46,68;;;;
V;329920;;;Plint skruv 041 SIE;70,30;;;;
V;329922;;;Märktejp SMC;44,20;;;;
V;329930;;;Subc Märkningar I 2599;57,61;;;;
V;329931;;;Subc Märkningar II 2599;75,48;;;;
V;329932;;;Subc Märkningar III 2599;75,47;;;;
V;329940;;;Plint Wago;54,52;;;;
V;329990;;;Solar Plus Kabelkanaler;50,00;;;;
V;329991;;;Solar Plus Plintar o ansl don;50,00;;;;
V;329994;;;Solar Netto;50,00;;;;
V;329995;;;Solar Plus kabelmärkning;50,00;;;;
V;331100;;;Montageplatta GV2 BF =S=O;70,08;;;;
V;331102;;;Motorskyddsbrytare GV2 BI =S=O;73,27;;;;
V;331104;;;Motorskyddsbrytare GV2ME II BH =S=O;71,07;;;;
V;331105;;;Motorskyddsbrytare GV3 BI =S=O;72,18;;;;
V;331106;;;Motorskyddsbrytare GV4/5/6/7 BI =S=O;72,79;;;;
V;331108;;;Motorskyddsbrytare GV7 GC =S=O;73,76;;;;
V;331109;;;Tillbehör motorskyddsbrytare BF =S=O;73,27;;;;
V;331122;;;Effektbrytare BJ =S=O;72,57;;;;
V;331124;;;Effektbrytare NS/NSX VO =S=O;76,47;;;;
V;331125;;;Effektbrytare NS/NSX VP =S=O;76,47;;;;
V;331130;;;Brytare IN/INS/INV VO =S=O;72,24;;;;
V;331134;;;Huvudbrytare  VARIO BL =S=O;66,78;;;;
V;331135;;;Tbh kamströmställare ID =S=O;64,31;;;;
V;331136;;;Kamströmställare IB =S=O;64,31;;;;
V;331138;;;Tvättmaskinsbrytare Exxact H1 =S=;68,00;;;;
V;331140;;;TEGO Power BF =S=O;62,59;;;;
V;331200;;;Motorskyddsbrytare 140M-C B7800 A-B;76,76;;;;
V;331201;;;Motorskyddsbrytare 140MT  B767H A-B;73,86;;;;
V;331203;;;Motorskyddsbrytare 140MT  B766H A-B;75,88;;;;
V;331205;;;Motorskyddsbrytare 140UT  B726J A-B;73,86;;;;
V;331210;;;Motorskyddsbrytare 140M-F B7801 A-B;72,19;;;;
V;331211;;;Motorskyddsbrytare 140MG-H B726F A-B;62,49;;;;
V;331212;;;Säkringshållare 140F-B7834 A-B;68,46;;;;
V;331214;;;Tbh 140M- B7301 A-B;74,73;;;;
V;331216;;;Överkopplingsskena 140M- B7845 A-B;74,99;;;;
V;331224;;;Motorskyddsbrytare 140MP B783G A-B;82,64;;;;
V;331227;;;Motorskyddsbrytare 140MG-J B727F A-B;64,56;;;;
V;331230;;;Tbh kapsling 198 B7280 A-B;76,87;;;;
V;331232;;;Frånskiljare IEC 194R B7934 A-B;50,13;;;;
V;331234;;;Vred &Tbh 194R B7945 A-B;72,32;;;;
V;331240;;;Brytare & vred 194E B7843 A-B;76,60;;;;
V;331242;;;Brytare & vred 194L I B7276 A-B;67,50;;;;
V;331244;;;Brytare & vred 194L II B7276 A-B;75,45;;;;
V;331248;;;Brytare & vred 194R B7278 A-B;48,19;;;;
V;331250;;;Tbh 194R B7842 A-B;50,13;;;;
V;331252;;;Tbh 194E/L B7275 A-B;77,38;;;;
V;331270;;;Effektbrytare 140G externa tbh B706F A-B;60,99;;;;
V;331271;;;Effektbrytare 140G vred B707F A-B;55,94;;;;
V;331272;;;Effektbrytare 140G anslutning B708F A-B;60,99;;;;
V;331273;;;Effektbrytare 140G interna tbh B709F A-B;55,11;;;;
V;331275;;;Effektbrytare 140G strl G B711F A-B;67,28;;;;
V;331276;;;Effektbrytare 140G strl H B712F A-B;66,54;;;;
V;331277;;;Effektbrytare 140G strl I B713F A-B;69,17;;;;
V;331278;;;Effektbrytare 140G strl J B714F A-B;71,87;;;;
V;331279;;;Effektbrytare 140G strl K B715F A-B;68,95;;;;
V;331280;;;Effektbrytare 140G strl M B716F A-B;69,04;;;;
V;331300;;;Motorskyddsbrytare 3RV1 41E SIE;81,52;;;;
V;331301;;;Motorskyddsbrytare 3RV2 S00 41E SIE;80,69;;;;
V;331302;;;Motorskyddsbrytare 3RV2 S0 41E SIE;82,63;;;;
V;331303;;;Tbh motorskyddsbrytare 3RV2 41E SIE;84,52;;;;
V;331304;;;Kontaktor F/B  Y/D medTbh 41B Sie;83,45;;;;
V;331310;;;Effektbr, Säkringslastbr, Kaps 113 SIE;70,47;;;;
V;331311;;;Effektbrytare, Säkringslastbr 1CL Sie;59,23;;;;
V;331320;;;Brytare (ACB), Skensystem 103 SIE;79,86;;;;
V;331321;;;Effektbrytare 3WA 1CE SIE;45,70;;;;
V;331322;;;NH-knivsäkringar,  inklTbh 017 Sie;77,22;;;;
V;331330;;;Effektbrytare 3VA I 153 Sie;72,26;;;;
V;331332;;;Effektbrytare 3VA II 153 Sie;74,13;;;;
V;331334;;;Effektbrytare 3VA tbh 153 Sie;72,14;;;;
V;331340;;;SÄKRINGSLASTBR 3KF 1DL SIE;39,28;;;;
V;331400;;;Motorskyddsbrytare MS116 ABB;77,72;;;;
V;331402;;;Motorskyddsbrytare MS132 ABB;65,44;;;;
V;331408;;;Tbh motorskyddsbrytare ABB;71,61;;;;
V;331420;;;Effektbrytare MCCB ABB I;72,01;;;;
V;331422;;;Effektbrytare MCCB ABB II;59,49;;;;
V;331424;;;Effektbrytare MCCBTbh ABB;61,32;;;;
V;331426;;;Lastbrytare ABB I;61,86;;;;
V;331428;;;Lastbrytare ABB II;68,09;;;;
V;331442;;;Startkopplare manuella ABB;56,37;;;;
V;331451;;;Säkerhetsbrytare BAS ABB X;72,00;;;;
V;331452;;;Säkerhetsbrytare BAS ABB I;71,70;;;;
V;331456;;;Säkerhetsbrytare OTA/OTP ABB;65,05;;;;
V;331458;;;Säkerhetsbrytare ABB II;71,10;;;;
V;331460;;;Säkringslastbrytare OS ABB;62,69;;;;
V;331462;;;Tbh last-/säkerhetsbrytare ABB;63,78;;;;
V;331500;;;Lastfrånskiljare KG K&N;60,09;;;;
V;331501;;;Lastfrånskiljare 4KS K&N;48,10;;;;
V;331504;;;Omkopplare K&N;58,77;;;;
V;331508;;;Reservkraftsbrytare K&N;56,79;;;;
V;331512;;;Sektionsbrytare K&N;53,39;;;;
V;331516;;;Säkerhetsbrytare EMC K&N;52,16;;;;
V;331520;;;Säkerhetsbrytare KF K&N;54,73;;;;
V;331524;;;Säkerhetsbrytare KG K&N;56,79;;;;
V;331530;;;Tbh brytare K&N;64,34;;;;
V;331660;;;Lastfrånskiljare COMPACT Ensto;73,24;;;;
V;331662;;;Lastfrånskiljare COMPACTTbh Ensto;74,61;;;;
V;331700;;;Brytare Garo;63,57;;;;
V;331701;;;Säkerhetsbrytare SBG GARO X;78,20;;;;
V;331702;;;Säkerhetsbrytare SBG GARO;74,05;;;;
V;331760;;;Effektbrytare medTbh Hager;74,54;;;;
V;331840;;;BRYTARE NORWESCO;51,19;;;;
V;331932;;;Subc Brytare III 2599;79,64;;;;
V;331970;;;EATON LISTA 31 2500;24,95;;;;
V;331990;;;Solar Plus Säkerhetsbrytare;50,00;;;;
V;331992;;;Plus;50,00;;;;
V;331994;;;Solar Netto;50,00;;;;
V;331995;;;Solar Plus;50,00;;;;
V;332100;;;Kontaktor LC.F BM =S=O;73,68;;;;
V;332102;;;Kontaktor LC1D 12-18A BD =S=O;70,54;;;;
V;332104;;;Kontaktor LC1D 25-32A BD =S=O;70,54;;;;
V;332106;;;Kontaktor LC1D 40-150A BG =S=O;72,51;;;;
V;332108;;;Kontaktor LC1D 9A I BD =S=O X;78,50;;;;
V;332110;;;Kontaktor LC1D 9A II BD =S=O;71,09;;;;
V;332112;;;Kontaktor LP.-D40-150 BD =S=O;71,91;;;;
V;332113;;;Kontaktor LC1D 9A II BE =S=O;69,36;;;;
V;332114;;;Kontaktor LP1D 12-18A BD =S=O;71,10;;;;
V;332116;;;Kontaktor LP1D 25-32A BD =S=O;71,24;;;;
V;332118;;;Kontaktor LP1D 9A BD =S=O;71,10;;;;
V;332120;;;Kontaktorbrytare Tesus U C0 =S=O;74,36;;;;
V;332122;;;Tesys H Hybridstarter BE =S=O;53,56;;;;
V;332130;;;Minikontaktor LC.-K AC BA =S=O;73,40;;;;
V;332132;;;Minikontaktor LC.-K DC BB =S=O;73,30;;;;
V;332134;;;Normkontaktor A9 SA =S=O;40,94;;;;
V;332135;;;Normkontaktor A9 SD =S=O;40,94;;;;
V;332138;;;Normkontaktor GC/GY BJ =S=O;71,73;;;;
V;332140;;;Kontaktor D övriga CD =S=O;71,19;;;;
V;332142;;;Kontaktor F övriga CE =S=O;69,56;;;;
V;332144;;;Kontaktor K övriga CB =S=O;68,23;;;;
V;332146;;;Tillbehör Kontaktorer BH =S=O;72,74;;;;
V;332147;;;Tillbehör Kontaktorer VA =S=O;72,74;;;;
V;332148;;;Tillbehör Kontaktorer VB =S=O;72,74;;;;
V;332150;;;Hjälprelä CA2-D BA =S=O;72,74;;;;
V;332152;;;Hjälprelä CA3/4-D BA =S=O;72,85;;;;
V;332154;;;Hjälprelä mini CA2-K BA =S=O;73,15;;;;
V;332156;;;Hjälprelä mini CA3/4-K BA =S=O;73,28;;;;
V;332160;;;Överströmsrelä LR.-D BG =S=O;74,43;;;;
V;332162;;;Överströmsrelä LR.-F BG =S=O;69,80;;;;
V;332164;;;Överströmsrelä LR.-K BG =S=O;73,23;;;;
V;332166;;;Överströmsrelä LR9D DE =S=O;37,05;;;;
V;332172;;;Termistorrelä LT3/LT6/Tesys T C0 =S=O;72,90;;;;
V;332182;;;Kontaktblock Gränsläge KF TESE;64,56;;;;
V;332184;;;Kontaktblock LA1-D BF =S=O;74,43;;;;
V;332186;;;Kontaktblock LA1-K BF =S=O;72,14;;;;
V;332188;;;Adapterplatta NS/NSX VA =S=O;70,57;;;;
V;332199;;;Startkombinationer 42L SIE;47,31;;;;
V;332200;;;Kontaktor 100-C  9A AC B7920 A-B;79,44;;;;
V;332201;;;Kontaktor 100-C  9A DC B7942 A-B;82,12;;;;
V;332202;;;Kontaktor 100-C  12A AC B7941 A-B;82,65;;;;
V;332203;;;Kontaktor 100-C  12A DC B7944 A-B;83,72;;;;
V;332204;;;Kontaktor 100-C  16A AC B7919 A-B;83,33;;;;
V;332205;;;Kontaktor 100-C  16A DC B7943 A-B;82,96;;;;
V;332206;;;Kontaktor 100-C  23A AC B7798 A-B;82,09;;;;
V;332207;;;Kontaktor 100-C  23A DC B7837 A-B;83,56;;;;
V;332208;;;Kontaktor 100-C  30-37A AC B7254 A-B;85,54;;;;
V;332209;;;Kontaktor 100-C  30-37A DC B7839 A-B;82,46;;;;
V;332210;;;Kontaktor 100-C  43A AC B7255 A-B;81,06;;;;
V;332212;;;Kontaktor 100-C  43A DC B7840 A-B;80,90;;;;
V;332213;;;Kontaktor 100-C  60-90A AC B7256 A-B;78,65;;;;
V;332214;;;Kontaktor 100-C  60-90A DC B7852 A-B;78,72;;;;
V;332215;;;Kontaktor 100-D  140-180 A AC B7261 A-B;75,48;;;;
V;332219;;;Kontaktor 100-D  210-250A ACE B7263 A-B;72,40;;;;
V;332221;;;Kontaktor 100-D  300-420A ACE B7264 A-B;69,16;;;;
V;332225;;;Kontaktor 100-D  95-110A AC B7266 A-B;74,36;;;;
V;332230;;;Kontaktor & kondensator 100-Q B7251 A-B;73,57;;;;
V;332231;;;Kontaktor 100-E B768G A-B;73,95;;;;
V;332232;;;Kontaktor 100-E B769G A-B;74,09;;;;
V;332233;;;Kontaktor 100-E B786G A-B;72,57;;;;
V;332234;;;Hjälpkontakt till 100-E B788G A-B;54,84;;;;
V;332235;;;Solidstate kontaktorer B420H A-B;53,16;;;;
V;332240;;;Minikontaktor 100-K 5-12A AC B7260 A-B;82,12;;;;
V;332241;;;Minikontaktor 100-K 5-12A DC B7922 A-B;81,01;;;;
V;332242;;;Minirelä AC 700-K B7930 A-B;75,56;;;;
V;332243;;;Minirelä DC 700-K B7931 A-B;76,22;;;;
V;332244;;;Hjälprelä AC 700-CF B7932 A-B;74,44;;;;
V;332245;;;Hjälprelä DC 700-CF B7933 A-B;75,59;;;;
V;332250;;;Ösr 193 E1Plus ED 100-C09_C85 B3114 A-B;74,04;;;;
V;332251;;;ÖSR 193 E1Plus EE 100-C09_C85 B3115 A-B;73,33;;;;
V;332254;;;Ösr E3 Plus 193 100-C09-C85 B3120 A-B;62,86;;;;
V;332257;;;Överströmsrelä 193-K B7246 A-B;73,21;;;;
V;332258;;;Överströmsrelä 193-T B7248 A-B;74,44;;;;
V;332268;;;Spole 100-C <= 85A B6237 A-B;67,58;;;;
V;332270;;;Tbh 100-/700-K B7921 A-B;77,99;;;;
V;332271;;;Spole 100-C <= 85A B633H A-B;67,74;;;;
V;332274;;;Tbh 141A B7853 A-B;53,24;;;;
V;332276;;;Tbh elektroniska 193- B3126 A-B;63,92;;;;
V;332277;;;Tbh kapsling 198 A-B;72,70;;;;
V;332278;;;Tbh kontaktor 100D- B7269 A-B;76,26;;;;
V;332282;;;Tbh överströmsrelä 193 B7249 A-B;70,57;;;;
V;332284;;;Termistorrelä -817 B319H A-B;78,82;;;;
V;332286;;;Tidsfunktion 100-CTbh B7274 A-B;74,93;;;;
V;332291;;;Hjälpkontakt till 100-/700- B7258 A-B;81,62;;;;
V;332293;;;Kablagekit 105-/170- B7841 A-B;79,95;;;;
V;332294;;;Matningsmodul 141A B7846 A-B;64,34;;;;
V;332295;;;Montageplatta 141A B7831 A-B;60,10;;;;
V;332296;;;Montageskena 141A B7250 A-B;60,97;;;;
V;332300;;;Kontaktor 3RT1 S00 41B SIE;81,62;;;;
V;332306;;;Kontaktor 3RT1 S3 41B SIE;84,36;;;;
V;332308;;;Kontaktor 3RT1 S6-12 41B SIE;82,87;;;;
V;332310;;;Kontaktor 3RT1 spec 41B SIE;81,21;;;;
V;332312;;;Kontaktor 3RT2 S00 41B Sie I;85,73;;;;
V;332314;;;Kontaktor 3RT2 S00 41B Sie II;89,44;;;;
V;332316;;;Kontaktor 3RT2 S00 41B Sie III;86,29;;;;
V;332318;;;Kontaktor 3RT2 S0 41B Sie I;81,19;;;;
V;332320;;;Kontaktor 3RT2 S0 41B Sie II;85,52;;;;
V;332322;;;Kontaktor 3TK 41B SIE;84,94;;;;
V;332324;;;Normkontaktorer 5TT 028 Sie I;79,95;;;;
V;332326;;;Normkontaktorer 5TT 028 Sie II;80,61;;;;
V;332330;;;Kompaktstartare 3RA6 42F SIE;70,15;;;;
V;332334;;;Motorstarter 3RM1 41D SIE;80,46;;;;
V;332340;;;Elektr överströmsrelä 3RB2 41G SIE;80,86;;;;
V;332342;;;Elektr överströmsrelä 3RB3 41G Sie I;78,81;;;;
V;332344;;;Elektr överströmsrelä 3RB3 41G Sie II;66,84;;;;
V;332346;;;Elektr överströmsrelä 3RB3 41G Sie III;78,99;;;;
V;332350;;;F/B  komb 3RA 41B SIE;80,76;;;;
V;332352;;;Hjälprelä 3RH1 41A SIE;85,04;;;;
V;332354;;;Hjälprelä 3RH2 41A SIE;88,84;;;;
V;332358;;;Relä strömövervakn 3RR 41H SIE;82,88;;;;
V;332360;;;Simocode Sirius management 3UF 42J SIE;60,34;;;;
V;332362;;;Solidstaterelä 3RF 41C SIE;86,19;;;;
V;332364;;;Tbh F/B  komb 3RA 41B SIE;82,54;;;;
V;332370;;;Tbh kapslad direktstart 3RE 41B SIE;77,35;;;;
V;332372;;;Tbh kontaktor 3RT1 41B SIE;85,53;;;;
V;332374;;;Tbh kontaktor 3RT1 41H SIE;82,80;;;;
V;332376;;;Tbh kontaktor 3RT2 41B SIE;87,71;;;;
V;332378;;;Tbh solidstaterelä 3RF 41C SIE;81,05;;;;
V;332380;;;Tbh term överlastrelä 3RU2 41F SIE;82,57;;;;
V;332382;;;Term överlastrelä 3RU1 41F SIE;82,18;;;;
V;332384;;;Term överlastrelä 3RU2 41F Sie I;78,82;;;;
V;332386;;;Term överlastrelä 3RU2 41F Sie II;80,43;;;;
V;332400;;;Kontaktor AF09 ABB I;71,00;;;;
V;332401;;;Kontaktor AF09 ABB II;66,00;;;;
V;332402;;;Kontaktor AF12 ABB;71,00;;;;
V;332403;;;Kontaktor AF16 ABB I;60,09;;;;
V;332404;;;Kontaktor AF16 ABB II;60,62;;;;
V;332405;;;Kontaktor AF26 ABB;75,67;;;;
V;332406;;;Kontaktor AF30 ABB;64,51;;;;
V;332407;;;Kontaktor AF38 ABB;65,78;;;;
V;332408;;;Kontaktor AF40 ABB;65,70;;;;
V;332409;;;Kontaktor AF50 ABB;55,94;;;;
V;332410;;;Kontaktor AF52 ABB;65,95;;;;
V;332412;;;Kontaktor AF65 ABB;66,18;;;;
V;332414;;;Kontaktor AF80 ABB;60,97;;;;
V;332416;;;Kontaktor AF96 ABB;63,51;;;;
V;332424;;;Kontaktor AF460 ABB;48,10;;;;
V;332425;;;Kontaktor AF580 ABB;51,42;;;;
V;332426;;;Kontaktor AF750 ABB;52,16;;;;
V;332430;;;Hjälprelä <37kW ABB I;66,34;;;;
V;332460;;;Minikontaktor/relä ABB;61,51;;;;
V;332462;;;Normkontaktor ABB;70,90;;;;
V;332464;;;Kompaktstarter ABB;30,05;;;;
V;332470;;;Tbh kontaktor <37kW ABB;74,62;;;;
V;332480;;;Överströmsrelä TA ABB;67,28;;;;
V;332484;;;Överströmsrelä TF ABB;68,90;;;;
V;332500;;;Solidstatekontaktor Danfoss;56,37;;;;
V;332601;;;Normkontaktor Garo;66,06;;;;
V;332650;;;Kontaktorer CD Omron;40,86;;;;
V;332700;;;Normkontaktor Hager;69,50;;;;
V;332800;;;Lådor Ensto;58,23;;;;
V;332858;;;ET 200 SP HA 2I1 SIE;18,28;;;;
V;332931;;;Subc Startapparater II 2599;68,97;;;;
V;332932;;;Subc Startapparater III 2599;71,02;;;;
V;332960;;;Kontaktorer Phönix;38,62;;;;
V;332961;;;Kontaktorer AE Phoenix;11,39;;;;
V;332970;;;EATON LISTA 32 2500;29,77;;;;
V;332994;;;Solar Netto;50,00;;;;
V;332995;;;Solar Plus;50,00;;;;
V;333100;;;Frekvensomriktare ATV12 OF =S=O;57,05;;;;
V;333102;;;Frekvensomriktare ATV12 OB =S=O;57,05;;;;
V;333104;;;Frekvensomriktare ATV21 OD =S=O;63,81;;;;
V;333112;;;Frekvensomriktare ATV312 OH =S=O;61,95;;;;
V;333124;;;Frekvensomriktare ATV340 OF =S=O;44,02;;;;
V;333126;;;Frekvensomriktar ATV630/640/650 OG =S=O;46,93;;;;
V;333128;;;Frekvensomriktare ATV930/950 OG =S=O;44,69;;;;
V;333134;;;Ind Network Frekvensomformare Q1 =S=O;53,16;;;;
V;333138;;;Tesus U för frekvensomriktare C0 =S=O;62,66;;;;
V;333146;;;Tillval/tbh ATV/ATS OI =S=O;64,33;;;;
V;333147;;;Tillval/tbh ATV/ATS X4 =S=O;64,33;;;;
V;333150;;;Mjukstartare ATS OF =S=O;73,11;;;;
V;333151;;;Mjukstartare ATS BF =S=O;73,11;;;;
V;333159;;;Canopen Kabel QQ =S=O;0,76;;;;
V;333206;;;PF400 3 fas 460V C3423 A-B;46,02;;;;
V;333209;;;PF4M 3 fas 460V C3411 A-B;60,44;;;;
V;333210;;;PF523 1 fas 230V strl A Filter C306E A-B;42,64;;;;
V;333211;;;PF523 1 fas 230V strl B Filter C307E A-B;34,53;;;;
V;333212;;;PF525 1 fas 230V strl A Filter C382D A-B;34,15;;;;
V;333213;;;PF523 3 fas 460V strl A Filter C318E A-B;44,57;;;;
V;333214;;;PF523 3 fas 460V strl B Filter C318E A-B;35,16;;;;
V;333215;;;PF523 3 fas 460V strl C Filter C320E A-B;36,84;;;;
V;333221;;;PF525 1 fas 115V storlek A B C382D A-B;26,58;;;;
V;333224;;;PF525 1 fas 230V strl A Filter C381D A-B;39,28;;;;
V;333230;;;PF525 3 fas 460V storlek A C390D A-B;36,16;;;;
V;333231;;;PF525 3 fas 460V storlek B C390D A-B;36,33;;;;
V;333232;;;PF525 3 fas 460V storlek C C392D A-B;36,04;;;;
V;333234;;;PF525 3 fas 600V storlek A C399D A-B;32,42;;;;
V;333236;;;PF525 3 fas 600V strl C C302E A-B;33,01;;;;
V;333252;;;PF753 7.5-22KW 400V strl 2 3 C2402 A-B;38,30;;;;
V;333253;;;PF753 75-132KW 400V strl 6 C2404 A-B;32,91;;;;
V;333259;;;PF755 30-55KW 400V strl 4 5 C2719 A-B;32,91;;;;
V;333263;;;PF755 75-132KW 400V strl 6 C2720 A-B;29,11;;;;
V;333265;;;PF525 1 fas 230V strl A Filter C397D A-B;36,32;;;;
V;333267;;;Mjukstar SMC-3 -150 108-480A B4157 A-B;64,76;;;;
V;333270;;;Mjukstar SMC-3 -150 1-37A B4158 A-B;68,06;;;;
V;333271;;;Mjukstar SMC-3 -150 43-85A B4159 A-B;67,74;;;;
V;333272;;;Tbh mjukstartare SMC 150- B4145 A-B;72,81;;;;
V;333274;;;Mjukst SMC-FLEX 150-F 108-480A B4167 A-B;31,23;;;;
V;333280;;;Mjukstar SMC-50 -90-180A B4030 A-B;63,29;;;;
V;333282;;;Mjukstar SMC-50 -361-520A B4-32 A-B;63,29;;;;
V;333290;;;1201/1202/1203/1204Tbh C4438 A-B;28,94;;;;
V;333291;;;Frekv klass 4 options &Tbh C3408 A-B;59,05;;;;
V;333292;;;Frekv klass 7 option &Tbh C2367 A-B;43,15;;;;
V;333293;;;PF520 externa EMC Filter C326E A-B;28,94;;;;
V;333294;;;PF520 options &Tbh C328E A-B;28,94;;;;
V;333296;;;PF520 serien kom. kort C327E A-B;37,56;;;;
V;333297;;;Reaktor transformator 1321- C8447 A-B;38,91;;;;
V;333300;;;Frekvensomriktare IC2  Danfoss;61,22;;;;
V;333420;;;Mjukstartare High-feature appl 42H SIE;63,35;;;;
V;333422;;;Mjukstartare standard appl 42G SIE;64,17;;;;
V;333430;;;SINAMICS G115 HVAC <= 90kW 347 SIE;48,47;;;;
V;333432;;;SINAMICS G120 CU240 342 SIE;46,13;;;;
V;333434;;;SINAMICS G120 PM <= 11kW 338 SIE;48,22;;;;
V;333436;;;SINAMICS G120 PM > 11kW 339 SIE;48,22;;;;
V;333440;;;Components 764 SIE;27,24;;;;
V;333442;;;ENCODER 767 SIE;13,70;;;;
V;333444;;;Simodrive 752 SIE;6,31;;;;
V;333446;;;SINAMICS S AC/AC Blocksize 751 SIE;16,82;;;;
V;333448;;;SINAMICS S AC/AC Blocksize 771 SIE;41,50;;;;
V;333450;;;SINAMICS STbh 753 Sie;20,45;;;;
V;333460;;;SINAMICS G110 334 SIE;51,24;;;;
V;333462;;;SINAMICS G120 CU220 340 SIE;44,80;;;;
V;333463;;;SINAMICS G220 387 SIE;39,78;;;;
V;333464;;;SINAMICS G120D 346 SIE;50,96;;;;
V;333468;;;SINAMICS G120 CU230 341 SIE;45,69;;;;
V;333470;;;SINAMICS V20 350 SIE;51,52;;;;
V;333472;;;MICROMASTER 4 Optioner 325 SIE;62,95;;;;
V;333474;;;SINAMICS G110/G120 Optioner 335 SIE;68,20;;;;
V;333476;;;SINAMICS G120 Optioner 343 SIE;63,77;;;;
V;333478;;;SINAMICS G120X 357  SIE;39,70;;;;
V;333505;;;Mjukstartare PSR ABB;47,06;;;;
V;333510;;;Frekvensomriktare ACH550 ABB;44,91;;;;
V;333519;;;Tyristorenheter ABB;44,62;;;;
V;333522;;;Frekvensomriktare ACS800 ABB;40,66;;;;
V;333524;;;Frekvensomformare ACS580 ABB;46,94;;;;
V;333532;;;Tbh frekvensomformare ABB;49,79;;;;
V;333550;;;Frekvensomriktare EA Omron;44,62;;;;
V;333602;;;Frekvensomriktare FC100 FC200 DANFOSS;48,06;;;;
V;333606;;;Frekvensomriktare FC51 DANFOSS;50,24;;;;
V;333608;;;Tbh frekvensomriktare DANFOSS;52,29;;;;
V;333650;;;Mjukstartare 280 Carlo Gavazzi;28,23;;;;
V;333990;;;Solar Plus Mjukstartare;50,00;;;;
V;333991;;;Solar Plus Tbh Mjukstarter;50,00;;;;
V;333994;;;Solar Netto;50,00;;;;
V;333995;;;Solar Plus;50,00;;;;
V;335100;;;Electrical motor ABB;48,82;;;;
V;335200;;;Motors Prepare phase-out 768 SIE;45,03;;;;
V;335310;;;Electrical motor size 1 SIE;69,08;;;;
V;335320;;;Electrical motor size 2 SIE;69,08;;;;
V;335340;;;Electrical motor servo SIE;29,47;;;;
V;335994;;;Solar Netto;50,00;;;;
V;337100;;;Tryckknapp Ø16 XB6 ID =S=O;68,54;;;;
V;337102;;;Tryckknapp Ø22 Style 4 IB =S=O;72,41;;;;
V;337103;;;Tryckknapp Ø22 Style 4 IC =S=O;68,80;;;;
V;337104;;;Tryckknapp Ø22 Style 5 IC =S=O;72,24;;;;
V;337106;;;Tryckknapp Ø22 Trådlös IB/IC =S=O;70,24;;;;
V;337107;;;Tryckknapp Ø22 Trådlös IA =S=O;66,65;;;;
V;337108;;;Tryckknapp Ø22 XB5/XB7 IB =S=O;65,09;;;;
V;337110;;;Tryckknapp Ø30 IA =S=O;69,83;;;;
V;337120;;;Tryckknappslåda XA./P/M/E IB =S=O;70,98;;;;
V;337122;;;Tryckknappslåda XAL IJ =S=O;70,54;;;;
V;337130;;;Fotpedal XP IB =S=O;71,09;;;;
V;337132;;;Hängmanöverdon XAC/XK MA =S=O;68,90;;;;
V;337134;;;Radio Remot Control IA =S=O;24,05;;;;
V;337140;;;Linnödstopp XY2 KB TESE;67,00;;;;
V;337142;;;Ljuskällor XV./A/B/D II =S=O;70,82;;;;
V;337143;;;Ljuskällor XV./A/B/D ID =S=O;70,82;;;;
V;337150;;;Potentiometer ATV/ATS OB =S=O;63,85;;;;
V;337160;;;TEGO Dial ID =S=O;55,70;;;;
V;337200;;;Lamptr & svamptr 800FM- B5229 A-B;70,33;;;;
V;337202;;;Lamptr/lampsvamp/svam 800FP B5824 A-B II;71,91;;;;
V;337204;;;Lamptr/lampsvamp/svamp 800FP B5824 A-B I;74,67;;;;
V;337206;;;Lampvred 800FM B5232 A-B;65,09;;;;
V;337208;;;Lampvred/nödstoppskylt 800FP B5827 A-B;69,68;;;;
V;337210;;;Hängmanöverdon 800C- B5230 A-B;65,09;;;;
V;337212;;;LED modul 800F B5821 A-B;70,54;;;;
V;337214;;;Manipulator 800FP- B5820 A-B;68,84;;;;
V;337216;;;Multitr/tr/reset/toggel 800FM B5829 A-B;70,24;;;;
V;337218;;;Nyckelvr/multitr/tr/res 800FP B5825 A-B;70,54;;;;
V;337220;;;Pot/bel svamp/kontbl 800FP B5823 A-B I;76,03;;;;
V;337222;;;Pot/bel svamp/kontbl 800FP B5823 A-B II;74,12;;;;
V;337224;;;Skylt/reservlins/nyckel 800FP- B5822 A-B;71,02;;;;
V;337226;;;Tbh 800F B5828 A-B;72,74;;;;
V;337228;;;Tomlåda 800F B5231 A-B I;72,32;;;;
V;337230;;;Tomlåda 800F B5231 A-B II;64,47;;;;
V;337232;;;Vred/signallampa 800FM B5830 A-B;65,39;;;;
V;337234;;;Vred/signallampa/återst 800FP B5826 A-B;69,44;;;;
V;337237;;;Kontaktbl./Linser/LED 800B B530A A-B;62,03;;;;
V;337250;;;Gångjärnsbrytare 440H E8639 A-B;17,96;;;;
V;337252;;;Linnödstopp 440E/440J E8637 A-B;18,96;;;;
V;337254;;;Maskinsäk. 440A Linb E8635 A-B;27,68;;;;
V;337256;;;Nöd- & linnödstopp 440E E8637 A-B;31,76;;;;
V;337258;;;Touchknapp 800Z-G B5233 A-B;44,82;;;;
V;337272;;;Panelmonterad ljudmod 855P-B5219 A-B;57,89;;;;
V;337274;;;Signalhorn -855 B5217 A-B;49,37;;;;
V;337280;;;NEMA tryckkn Type 800H 4/4X/13 B8331 A-B;77,29;;;;
V;337282;;;NEMA tryckkn Type 800T  B8330 A-B;72,64;;;;
V;337300;;;Tbh tryckknapp/signallampa 41J SIE;78,78;;;;
V;337310;;;Fotmanöverdon medTbh  41K Sie;72,95;;;;
V;337400;;;Tryckknapp ABB;69,66;;;;
V;337402;;;Tryckknappslåda ABB;67,16;;;;
V;337404;;;Tbh tryckknapp ABB;68,55;;;;
V;337406;;;Svamptryckknapp ABB;59,87;;;;
V;337408;;;Nödstopptrycke ABB;63,49;;;;
V;337410;;;Vippkopplare ABB;60,48;;;;
V;337412;;;Vridomkopplare ABB;62,48;;;;
V;337414;;;Signallampa ABB;65,23;;;;
V;337416;;;Kontaktblock för tryckknapp ABB;67,12;;;;
V;337418;;;Dubbeltryckknapp ABB;60,48;;;;
V;337450;;;Trådlösa komb. RB Omron;39,78;;;;
V;337451;;;Mek. Brytare CG Omron;40,86;;;;
V;337500;;;Linnödstopp galv tbh JOKAB/ABB;70,75;;;;
V;337504;;;Nödstopp medTbh JOKAB/ABB;70,97;;;;
V;337508;;;Trelägesdon medTbh JOKAB/ABB;72,04;;;;
V;337512;;;Tvåhandsmanöverdon JOKAB/ABB;73,01;;;;
V;337930;;;Subc Tryckknappar I 2599;64,34;;;;
V;337931;;;Subc Tryckknappar II 2599;67,23;;;;
V;337970;;;Tryckknappar Eaton 2500;28,13;;;;
V;337990;;;Solar Plus Nödstopp;50,00;;;;
V;337994;;;Solar Netto;50,00;;;;
V;337995;;;Solar Plus;50,00;;;;
V;338100;;;Gränsläge XCK KF TESE;72,33;;;;
V;338102;;;Gränsläge XCK2 KG TESE;71,53;;;;
V;338104;;;Gränsläge XCR/XDR KI TESE;71,71;;;;
V;338106;;;Gränsläge XC Universal KO TESE;70,22;;;;
V;338108;;;Gränsläge XC Optimum KP TESE;79,07;;;;
V;338110;;;Gränsläge ATEX KY TESE;66,70;;;;
V;338120;;;Induktiv givare XS KL TESE;75,48;;;;
V;338122;;;Induktiv givare XS Optimum KR TESE;77,81;;;;
V;338124;;;Induktiv givare XS Universal KQ TESE;70,17;;;;
V;338125;;;RFID XG KZ TESE;47,61;;;;
V;338128;;;Kapacitiv givare XT KL TESE;63,49;;;;
V;338130;;;Ultraljusgivare KW TESE;70,88;;;;
V;338132;;;Varvtalsvakt XT KL =S=O;71,24;;;;
V;338138;;;Fotocell XU Universal TESE;70,14;;;;
V;338140;;;Kablage XZCC I KN TESE;76,29;;;;
V;338142;;;Fotocell XU LM TESE;62,59;;;;
V;338144;;;Fotocell XU Optimum KT TESE;72,00;;;;
V;338145;;;Fotocell XU Optimum LA TESE;74,62;;;;
V;338146;;;Magnetbrytare/Ljusbom XUS/XCSDM LA =S=O;71,24;;;;
V;338147;;;Magnetbrytare/Ljusbom XUS/XCSDM KN TESE;69,36;;;;
V;338150;;;Tryckgivare XM. G/2/J/T/L KJ TESE;71,32;;;;
V;338152;;;Tryckströmställare XMP KK TESE;77,81;;;;
V;338154;;;Tryckvakt Atex KY TESE;60,35;;;;
V;338160;;;Relä RM/Zelio control FC =S=O;71,16;;;;
V;338170;;;Förreglingsbrytare XCS KB TESE;70,14;;;;
V;338171;;;Förreglingsbrytarte XCS KO TESE;68,20;;;;
V;338172;;;Kontaktor Kvar BD =S=O;60,75;;;;
V;338176;;;Säkerhetsmodul XPS KK =S=O;69,95;;;;
V;338190;;;Kablage XZCP KN I TESE;75,91;;;;
V;338192;;;Kablage XZCP KN II TESE;66,34;;;;
V;338194;;;Kablage XZCPV KN TESE;73,24;;;;
V;338196;;;Kablage XZCR KN TESE;69,52;;;;
V;338198;;;Kablage XZCRV KN TESE;71,33;;;;
V;338200;;;Fotocell 42CB/CD/CM/CF/CS E744B A-B;62,59;;;;
V;338202;;;Fotocell 42KL minisight E7626 A-B;61,35;;;;
V;338206;;;Fotocell bakgrbortbl 42XX- E7617 A-B I;72,32;;;;
V;338210;;;Fotocell RightSight/ser9000 E7622 A-B I;72,57;;;;
V;338212;;;Fotocell RightSight/ser9000 E7622 A-B II;68,80;;;;
V;338220;;;Ferrogard 440N E8640 A-B;27,53;;;;
V;338221;;;Tryckgivare XM. G/2/J/T/L JE TESE;70,11;;;;
V;338222;;;Förreglingsbrytare 440K E8636 A-B;29,77;;;;
V;338224;;;Gränslägesbrytare 440P E8642 A-B;29,19;;;;
V;338226;;;Låsbar förreglingsbr 440G E8638 A-B;33,97;;;;
V;338228;;;Magnetgiv FerroGuard 440N E8640 A-B;30,22;;;;
V;338230;;;Nyckelbrytare Atlas 440K E8638 A-B;35,16;;;;
V;338232;;;Nyckelbrytare Trojan 440K E8636 A-B;29,19;;;;
V;338234;;;SensaGuard 440N E8641 A-B;34,21;;;;
V;338236;;;Säkgivare SensaGuard  440N E8641 A-B;35,07;;;;
V;338240;;;Induktiv giv World Prox 872C F1621 A-B I;68,56;;;;
V;338242;;;Induktiv giv WorldProx 872C F1621 A-B II;68,80;;;;
V;338244;;;Induktiv givare 871TM F1620 A-B;65,44;;;;
V;338246;;;Induktiv givare gen 871/872-C F1619 A-B;73,87;;;;
V;338251;;;Ultraljudsgivare 873P E703F A-B;44,61;;;;
V;338260;;;Säkerhetsrelä 440R E8644 A-B II;31,60;;;;
V;338261;;;Säkerhetrelä 440R logik E828A A-B;39,70;;;;
V;338262;;;Säkerhetsmatta 440F E8630 A-B;26,79;;;;
V;338263;;;Säkerhetsmatta 440F E8632 A-B;32,65;;;;
V;338265;;;Laserscanner/kamera 442L E8627 A-B;55,22;;;;
V;338267;;;Ljusridå 440L E8628 A-B;27,85;;;;
V;338269;;;Ljusridå type 2 440L E8629 A-B;16,46;;;;
V;338271;;;Kablage 879/888/889/898 E9645 A-B;68,19;;;;
V;338273;;;Gaffel-/färgfotocell 45- E7616 A-B;65,71;;;;
V;338274;;;Anslutningskontakt 871A E9646 A-B;61,35;;;;
V;338277;;;Maskinsäk. 440ATbh E8635 A-B;37,00;;;;
V;338278;;;Micro 400 Light Curtain E833A Guard A-B;25,84;;;;
V;338280;;;Låssystem 440T E8631 A-B;36,88;;;;
V;338283;;;Kamera  SC300 442L E875A A-B;15,22;;;;
V;338288;;;440C Safetycontrol E832F A-B;19,30;;;;
V;338289;;;Multifunc. Access Box E852F A-B;26,85;;;;
V;338290;;;Ljusbom 450 BE A-B;26,88;;;;
V;338300;;;Minikontaktor relä/säk/överv 41H SIE;81,56;;;;
V;338310;;;Säkerhetsrelä 3SK 3TK28/3TK29 41L SIE;66,82;;;;
V;338312;;;Säkerhets-brytare -switch AS-i 42A SIE;58,10;;;;
V;338320;;;AS-i Asisafe, Spec funk, IO-Link 42C SIE;49,32;;;;
V;338330;;;Jordfelsövervakningsreläer 009 SIE;72,76;;;;
V;338350;;;N-komp Övervakningsapp 027 SIE;65,09;;;;
V;338360;;;Positionsswitchar medTbh  41K Sie;67,96;;;;
V;338370;;;SITRANS F C MASSFLO 831 SIE;35,94;;;;
V;338371;;;Sitrans F C MAG SIE;41,77;;;;
V;338372;;;Sitrans nivå ultraljud SIE;29,11;;;;
V;338374;;;Sitrans tryck P300 SIE;25,19;;;;
V;338375;;;Sitrans F C MASS SIE;41,77;;;;
V;338378;;;Sitrans nivå radar SIE;25,19;;;;
V;338390;;;Ljusbom Orion JOKAB/ABB;64,52;;;;
V;338400;;;Gränsläge FD/FP PIZZATO;81,10;;;;
V;338402;;;Gränsläge FR/FM PIZZATO;83,20;;;;
V;338404;;;Tbh Gränsläge PIZZATO;84,59;;;;
V;338406;;;Gränsläge FL PIZZATO;80,51;;;;
V;338408;;;Gränsläge FX/FZ PIZZATO;78,81;;;;
V;338410;;;Gränsläge FA PIZZATO;74,58;;;;
V;338420;;;Fotpedal PIZZATO;80,05;;;;
V;338429;;;Nivåvippor Rutab;71,03;;;;
V;338430;;;Förreg.brytare beröringsfri SR PIZZATO;74,84;;;;
V;338450;;;Säkerhetsrelä PIZZATO;24,43;;;;
V;338500;;;Magnetventil DANFOSS;44,41;;;;
V;338510;;;Tbh tryckvakter/givare Danfoss;43,09;;;;
V;338512;;;Tryckgivare & tryckvakt DANFOSS;48,16;;;;
V;338514;;;Tryckgivare DANFOSS;49,83;;;;
V;338520;;;Temperaturgivare DANFOSS;49,83;;;;
V;338522;;;Tempgivare & tempvakt DANFOSS;43,95;;;;
V;338530;;;Strömsensorer 4E =S=;65,47;;;;
V;338556;;;Nivågivare m tillbehör 035 Carlo Gavazzi;25,19;;;;
V;338560;;;Kontrollrelä 040 Carlo Gavazzi;35,82;;;;
V;338564;;;Relä 050 Carlo Gavazzi;34,64;;;;
V;338570;;;Relä 060 Carlo Gavazzi;25,19;;;;
V;338604;;;Kablage medTbh JOKAB/ABB;62,37;;;;
V;338612;;;Linnödstopp Linestron JOKAB/ABB;51,61;;;;
V;338616;;;Ljusbom medTbh JOKAB/ABB;61,51;;;;
V;338620;;;Magnet/processlås JOKAB/ABB;51,08;;;;
V;338624;;;Magnetbrytare JOKAB/ABB;53,23;;;;
V;338628;;;Nyckelbrytare medTbh JOKAB/ABB;49,68;;;;
V;338632;;;Nödstopp SMILE  JOKAB/ABB;58,06;;;;
V;338636;;;Säkerhetskomp med AS-i JOKAB/ABB;58,06;;;;
V;338640;;;Säkerhets-PLC medTbh JOKAB/ABB;58,60;;;;
V;338644;;;Säkerhetsrelä medTbh JOKAB/ABB;58,60;;;;
V;338648;;;Säkerhetssystem VITAL o TINA  JOKAB/ABB;61,29;;;;
V;338662;;;Basmodul HP Pilz;10,76;;;;
V;338663;;;Kablage PSSu HR Pilz;10,76;;;;
V;338665;;;Elektronikmodul HT Pilz;10,76;;;;
V;338672;;;Gångjärnsbrytare E7 Pilz;17,06;;;;
V;338676;;;Ingångsnod NN Pilz;19,35;;;;
V;338683;;;Grindsystem J7 Pilz;10,76;;;;
V;338686;;;RFID brytare NI Pilz;10,76;;;;
V;338688;;;Grindsystem I2 Pilz;17,72;;;;
V;338692;;;Säkerhetsrelä FT Pilz;8,86;;;;
V;338693;;;Säkerhetsrelä FU Pilz;16,46;;;;
V;338696;;;PNOZ TBH FZ Pilz;16,46;;;;
V;338700;;;Induktiv givare P+F I;44,80;;;;
V;338702;;;Induktiv givare P+F II;36,71;;;;
V;338706;;;Kablage & kontakt P+F I;37,66;;;;
V;338712;;;Tbh givare P+F;43,09;;;;
V;338720;;;Fotocell P+F;38,30;;;;
V;338730;;;Ultraljudsgivare P+F I;35,16;;;;
V;338732;;;Ultraljudsgivare P+F II;36,34;;;;
V;338734;;;Ultraljudsgivare P+F III;27,56;;;;
V;338750;;;Induktiva givare I Balluff;34,53;;;;
V;338754;;;Fotoceller I Balluff;22,70;;;;
V;338758;;;Ultraljudsgivare I Balluff;28,38;;;;
V;338762;;;Kapactiva givare I Balluff;33,27;;;;
V;338766;;;Givare tbh I Balluff;6,49;;;;
V;338782;;;Detektering SICK;39,78;;;;
V;338783;;;Nätverk/anslutning  SICK;39,78;;;;
V;338784;;;Rörelsesensorer  SICK;39,78;;;;
V;338785;;;Säkerhet SICK;39,78;;;;
V;338786;;;Tillbehör SICK;41,94;;;;
V;338800;;;Övervakningsrelä ABB;59,15;;;;
V;338801;;;Maskinsäkerhet FA Omron;40,86;;;;
V;338802;;;Fotoceller GD Omron;39,78;;;;
V;338803;;;Ind/Kap. Givare GE  Omron;40,86;;;;
V;338804;;;Avc. Sensorer GA Omron;40,86;;;;
V;338805;;;Övervakning DB Omron;39,78;;;;
V;338806;;;Temp. & Process. DF Omron;40,86;;;;
V;338807;;;Säkerhetsreläer FB Omron;39,78;;;;
V;338840;;;Nivåvakt CONDOR;84,51;;;;
V;338842;;;Tryckvakt CONDOR;73,50;;;;
V;338850;;;Kontrollrelä Eldon;58,97;;;;
V;338880;;;Kablage till givare 7 Murr I;63,44;;;;
V;338882;;;Kablage till givare 7 Murr II;63,44;;;;
V;338883;;;Kablage till givare 7 Murr III;62,37;;;;
V;338884;;;Distribuerade system M12 I 8 MURR;44,09;;;;
V;338905;;;Nödstopp EV Pilz;1,27;;;;
V;338907;;;Säkerhetsrelä FI Pilz;17,72;;;;
V;338908;;;Säkerhetsrelä FJ Pilz;27,54;;;;
V;338909;;;Expansionsrelä FK Pilz;17,72;;;;
V;338910;;;Säkerhetsrelä FL Pilz;17,72;;;;
V;338912;;;Säkerhetsrelä FO Pilz;21,06;;;;
V;338913;;;Säkerhetsrelä FP Pilz;17,72;;;;
V;338916;;;RFID brytare GF Pilz;17,72;;;;
V;338917;;;Magnetbrytare GH Pilz;17,72;;;;
V;338918;;;Magnetbrytare GI Pilz;17,72;;;;
V;338920;;;Mek säkerhetsbrytare GK Pilz;17,72;;;;
V;338921;;;Mek säkerhetsbrytare GL Pilz;17,72;;;;
V;338922;;;Nyckel GM Pilz;17,72;;;;
V;338923;;;Säkerhetsrelä IC Pilz;17,72;;;;
V;338925;;;Tryckknapp IR Pilz;17,72;;;;
V;338929;;;Ljusbom enstrålig GN Pilz;24,05;;;;
V;338937;;;Säkerhetsrelä PNOZ G8 Pilz;30,38;;;;
V;338938;;;Säkerhetsrelä PNOZ G9 Pilz;34,02;;;;
V;338941;;;Säkerhetsrelä GC Pilz;30,38;;;;
V;338946;;;Huvudmodul IU;15,82;;;;
V;338950;;;Övervakningsrelä Phönix;39,04;;;;
V;338952;;;Kablage Phönix;34,38;;;;
V;338953;;;Kablage AG Phoenix;25,32;;;;
V;338954;;;Säkerhetsrelä Phönix;38,62;;;;
V;338959;;;Huvudmodul NB Pilz;27,96;;;;
V;338970;;;Gränslägen Eaton 2500;16,89;;;;
V;338989;;;IFM Lista 38_9,10,14,15,25,35,40;30,68;;;;
V;338990;;;IFM lista 38_5,12,21,26,41;18,99;;;;
V;338994;;;Solar Netto;50,00;;;;
V;338995;;;Solar Plus;50,00;;;;
V;340102;;;Tidrelä 700-FS/FE/FF II B5190 A-B;78,82;;;;
V;340104;;;Relä Slimline 700-HK B5204 A-B;64,43;;;;
V;340106;;;Sockel & clip 700-HN B5201 A-B;64,49;;;;
V;340108;;;Minirelä 700-HC B5193 A-B;74,73;;;;
V;340110;;;Minirelä 700-HP B5206 A-B;73,06;;;;
V;340112;;;Interfacerelä 700-HL B5205 A-B;63,11;;;;
V;340114;;;Nöd- & linnödstopp Tbh 440E E8637 A-B;51,42;;;;
V;340116;;;Tbh plugg-in 700-A B5200 A-B;69,46;;;;
V;340118;;;Grindbrytare Trojan 440K E8636 A-B;54,68;;;;
V;340120;;;Tidrelä 700-HR B5194 A-B;72,16;;;;
V;340122;;;Tidrelä digitalt  700-HX/HXM B5196 A-B;74,68;;;;
V;340124;;;Säkerhetsrelä 440R II E8644 A-B;45,57;;;;
V;340126;;;Ringledartrafo R9 SU  =S=;59,87;;;;
V;340128;;;Gränslägesbrytare Metall 440P E8642 A-B;33,92;;;;
V;340130;;;Industrirelä 700-HA B5191 A-B;60,97;;;;
V;340132;;;Insticksrelä 700-HB/HD B5192 A-B;66,46;;;;
V;340134;;;Relä statiskt 700-SH B5203 A-B;58,23;;;;
V;340137;;;Signalomvandlare 931 B5083 A-B;62,03;;;;
V;340150;;;Insutri Reläer CC Omron;40,86;;;;
V;340151;;;Tillbehör CF Omron;42,58;;;;
V;340152;;;SS Reläer CI Omron;40,86;;;;
V;340153;;;Tidsreläer DG Omron;40,86;;;;
V;340200;;;Relä elektroniskt medTbh Eltako;62,45;;;;
V;340202;;;Tidrelä Eltako;63,01;;;;
V;340204;;;Relä mekaniska medTbh Eltako;68,72;;;;
V;340206;;;Kontrollrelä Eltako;66,57;;;;
V;340250;;;Plugg-in Relä RX/RU/AB.R/S FC =S=O;72,24;;;;
V;340251;;;Plugg-in relä RXG FB =S=O;63,54;;;;
V;340252;;;Relä RE/Zelio control FC =S=O;65,90;;;;
V;340253;;;Zelio Solid state relä FD =S=O;71,86;;;;
V;340254;;;Normrelä A9 SA =S=O;41,38;;;;
V;340255;;;Tidrelä RE + Zelio Time FC =S=O;67,62;;;;
V;340256;;;iC60 övriga produkter SA =S=O;40,87;;;;
V;340257;;;XA2/Style 5 IB =S=O;61,39;;;;
V;340258;;;Tidrelä A9 SA =S=O;38,97;;;;
V;340259;;;Plugg-in Relä RX/RU/AB.R/S FB =S=O;71,07;;;;
V;340260;;;Impulsrelä GF BJ =S=O;58,54;;;;
V;340262;;;Normrelä TL SN/SP QR =S=O;67,34;;;;
V;340300;;;N-komponenter Huvudbrytare 028 SIE;79,20;;;;
V;340302;;;Solidstaterelä 3RF20-24 3RF29 41C SIE;86,64;;;;
V;340304;;;Minikontaktor relä/tid/säk 41H SIE;79,00;;;;
V;340306;;;N-komp timers & kopplingsurSIE;71,33;;;;
V;340308;;;N-komp Mätapparater, elmätare 033 SIE;84,39;;;;
V;340310;;;N-komp Övervakningsapp storhet 027 SIE;78,73;;;;
V;340320;;;Signalomv I 3RS SIE;73,24;;;;
V;340400;;;Relä riderserien E533 Weidm;60,59;;;;
V;340402;;;Relä microserien E532 Weidm;60,64;;;;
V;340412;;;Signalomv Microserien E542 Weidm;53,87;;;;
V;340417;;;Signalomvandlare E543 Weidm;51,38;;;;
V;340500;;;Plugg-in relä ABB;63,57;;;;
V;340502;;;Tidrelä ABB;58,00;;;;
V;340504;;;Normrelä ABB;51,13;;;;
V;340508;;;Tidrelä II ABB;53,76;;;;
V;340509;;;Tidrelä III ABB;58,41;;;;
V;340650;;;Industrirelä 200 Carlo Gavazzi;25,19;;;;
V;340652;;;Reläsockel 190 Carlo Gavazzi;25,19;;;;
V;340656;;;Tidrelä 080 Carlo Gavazzi;35,91;;;;
V;340850;;;Normrelä Eldon;53,16;;;;
V;340860;;;Normrelä Hager;64,00;;;;
V;340880;;;Interfacerelä 3 Murr;48,72;;;;
V;340960;;;Relä Phönix;42,70;;;;
V;340970;;;Relä Eaton 2500;16,89;;;;
V;340990;;;Solar Plus;50,00;;;;
V;340994;;;Solar Netto;50,00;;;;
V;340995;;;Solar Plus;50,00;;;;
V;342100;;;Mätinstrument Fluke II;28,61;;;;
V;342101;;;Mätinstrument Fluke I;19,44;;;;
V;342102;;;Instrument Pre-Reg Dr-X00 Fluke;23,73;;;;
V;342108;;;Instrument Networks 25 Fluke;17,73;;;;
V;342110;;;Instrument Networks 23 Fluke;23,73;;;;
V;342112;;;Instrument SM Moduler Fluke;16,66;;;;
V;342114;;;Rengörning A Fluke;24,82;;;;
V;342116;;;Rengörning B Fluke;24,82;;;;
V;342118;;;Instrument AJ Fluke;27,04;;;;
V;342120;;;Instrument AM Fluke;26,65;;;;
V;342150;;;Strömtrafo Hager;49,24;;;;
V;342151;;;Räknare DA Omron;47,31;;;;
V;342152;;;Värmedetekt. RA Omron;43,01;;;;
V;342153;;;Panelinstrument DC Omron;43,01;;;;
V;342202;;;Mätinstrument Testboy I;28,76;;;;
V;342206;;;Mätinstrument Yokogawa;26,83;;;;
V;342212;;;Mätinstrument Amprobe III;20,73;;;;
V;342220;;;Mätinstrument I Elit;38,78;;;;
V;342222;;;Mätinstrument II Elit;38,78;;;;
V;342230;;;Mätinstrument I Elma;34,12;;;;
V;342232;;;Mätinstrument II Elma;35,36;;;;
V;342234;;;Mätinstrument III Elma;35,20;;;;
V;342236;;;Mätinstrument IV Elma;27,55;;;;
V;342238;;;Mätinstrument V Elma;27,55;;;;
V;342240;;;Mätinstrument VI Värmekameror Elma;51,21;;;;
V;342303;;;Thermo Lapp;47,85;;;;
V;342304;;;Summa- & timräknare FE =S=;49,47;;;;
V;342306;;;Drifttidsmätare Style 5 IB =S=O;62,10;;;;
V;342310;;;Wiser Energy H7 =S=O;74,50;;;;
V;342312;;;Wiser Energy RA =S=O;79,50;;;;
V;342314;;;Strömtrafo, kombi instrument (UF) =S=O;79,76;;;;
V;342315;;;Strömtrafo, kombi instrument 6A =S=O;79,76;;;;
V;342318;;;Strömtrafo, powertag UF =S=O;78,63;;;;
V;342320;;;Elnätsmodem, Energisensor UF =S=O;44,06;;;;
V;342402;;;Drifttidsmätare MULLER;60,73;;;;
V;342406;;;Instrument Weidmuller;33,90;;;;
V;342454;;;Strömtrafo 110 Carlo Gavazzi;64,65;;;;
V;342456;;;Instrument 100 Garlo Cavazzi;26,08;;;;
V;342500;;;Strömtrafo TÄLJE;44,18;;;;
V;342514;;;Tbh TÄLJE;37,54;;;;
V;342520;;;Fasföljdsindikering TÄLJE;36,34;;;;
V;342522;;;Jordfelsrelä norm TÄLJE;33,80;;;;
V;342524;;;Jordfelsrelä TÄLJE;30,49;;;;
V;342528;;;Omkopplare TÄLJE;36,34;;;;
V;342600;;;Tbh plint övriga II P179 Weidm;54,32;;;;
V;342680;;;Strömtrafo Garo;61,39;;;;
V;342681;;;STRÖMTRAFO GARO E-mobility;40,00;;;;
V;342820;;;Mätnig/omvandling I Phönix;37,76;;;;
V;342822;;;Mätnig/omvandling II Phönix;0,00;;;;
V;342830;;;Testinstrument Kamic;61,33;;;;
V;342850;;;Mätverktyg Benning;43,34;;;;
V;342864;;;Mätinstrument  ICT;35,76;;;;
V;342870;;;Elmätare PAC 3200+4200Tbh 133 Sie;48,96;;;;
V;342970;;;EATON LISTA 42 2500;15,62;;;;
V;342994;;;Solar Netto;50,00;;;;
V;342995;;;Solar Plus;50,00;;;;
V;345108;;;SIMATIC S7-1200 212 SIE;30,43;;;;
V;345110;;;SIMATIC S7-1500 Tbh 215 SIE;14,68;;;;
V;345115;;;Industridatorer 202 SIE;21,00;;;;
V;345116;;;Industridatorer 203 SIE;21,00;;;;
V;345117;;;Industridatorer 205 SIE;21,00;;;;
V;345122;;;SIMATIC NET PB OLM 5O1 SIE;11,67;;;;
V;345124;;;SIMATIC NET PC CP 5P5 SIE;8,23;;;;
V;345126;;;SIMATIC NET PLC CP 5P2 SIE;11,67;;;;
V;345130;;;SIMATIC NET Speckabel kontakt 5K2 SIE;8,24;;;;
V;345132;;;SIMATIC NET Stdkabel kontakter 5K1 SIE;14,29;;;;
V;345134;;;SIMATIC NET Telecontrol 5T1 SIE;1,71;;;;
V;345156;;;SIMATIC HMI Sentron mjukvaror 277 SIE;2,53;;;;
V;345160;;;SIMATIC Engineeringverktyg 266 SIE;6,92;;;;
V;345161;;;SIMATIC ET 200iSP 4C7 SIE;0,00;;;;
V;345162;;;SIMATIC ET200SP Siwarex 255 SIE;15,82;;;;
V;345168;;;SIMATIC ProfibusDP 250 SIE;5,06;;;;
V;345170;;;SIMATIC Sensors - RFID 572 SIE;3,53;;;;
V;345172;;;SIMATIC PCI Exp 265 SIE;29,41;;;;
V;345173;;;SIMATIC TOP Connect 592 SIE;12,95;;;;
V;345176;;;SIPLUS LOGO! 470 SIE;24,76;;;;
V;345177;;;SIPLUS S7-300 473 SIE;10,99;;;;
V;345178;;;SIWAREX CS/CM 816 SIE;0,00;;;;
V;345179;;;SIWAREX vägningssystem 815 SIE;2,00;;;;
V;345190;;;AS-i ASisafe, ASi Link, IO-Link 42C SIE;36,91;;;;
V;345193;;;LOGO! 200 II SIE;27,90;;;;
V;345194;;;Motorstartare M200D AS-i DP 42D SIE;32,30;;;;
V;345200;;;1732 ArmorBlock I/O D6541 A-B;24,76;;;;
V;345201;;;1734 Point I/O D6542 A-B;34,09;;;;
V;345203;;;1746 SLC I/O D6537 A-B;14,33;;;;
V;345206;;;1756 CLX CPU & servomodul D5530 A-B;22,24;;;;
V;345208;;;1756 CLX I/0 &Tbh D6539 A-B;24,23;;;;
V;345211;;;1761 MicroLogix 1000 J5524 A-B;23,29;;;;
V;345214;;;1762 MicroLogix Exp Mod 1200 J5526 A-B;30,09;;;;
V;345215;;;1763 MicroLogix 1100 J5525 A-B;24,05;;;;
V;345217;;;1766 MicroLogix 1400 J5792 A-B;29,50;;;;
V;345218;;;1769- 5370 L1/L2 CompactLogix K140B A-B;12,06;;;;
V;345219;;;5069 CompactLogix N253F A-B;8,49;;;;
V;345220;;;1769- 5370 L3 CompactLogix K131A A-B;20,94;;;;
V;345222;;;1769 CompactLogix I/O &Tbh K8540 A-B;20,39;;;;
V;345225;;;1791 DS/ES Cpt Block Guard I/O D6698 A-B;18,16;;;;
V;345226;;;1794 Flex I/O D6545 A-B;25,16;;;;
V;345233;;;Filter 2090 H1817 A-B;14,33;;;;
V;345240;;;Micro800Tbh K917A A-B;11,39;;;;
V;345241;;;Micro810 K913A A-B;16,65;;;;
V;345242;;;Micro820 K962E A-B;12,66;;;;
V;345244;;;Micro850 Exp K979D A-B;24,56;;;;
V;345245;;;Micro850 K915A A-B;22,64;;;;
V;345248;;;PanelView CTbh D8567 A-B;6,33;;;;
V;345251;;;PanelView Plus 7 5.7" D883E A-B;11,39;;;;
V;345255;;;'PanelView 800 10" D8566 A-B;15,19;;;;
V;345256;;;PanelView Plus 7 12" D888E A-B;16,99;;;;
V;345258;;;PanelView Plus 7Adv 7-12" D876E A-B;4,77;;;;
V;345274;;;PanelView Plus 6Tbh D8563 A-B;7,59;;;;
V;345285;;;RSLinx Classic / RSNetworx E3587 A-B;8,86;;;;
V;345286;;;RSLogix 5000 E3590 A-B;13,95;;;;
V;345287;;;Tbh ControlNet D6538 A-B;20,13;;;;
V;345300;;;Distr I/O Advantys QR =S=O;43,37;;;;
V;345301;;;PLC M221 Q1 =S=O;31,01;;;;
V;345302;;;Zelio Logic Q1 =S=O;51,88;;;;
V;345303;;;PLC M241 Q1 =S=O;24,56;;;;
V;345304;;;PLC M340 Q0 =S=O;47,38;;;;
V;345305;;;PLC M251 Q1 =S=O;24,56;;;;
V;345306;;;Operatörsterminal XBTG IZ =S=O;48,48;;;;
V;345307;;;TM3 IO-moduler FY =S=O;34,12;;;;
V;345310;;;PLC TSX Micro KK =S=O;43,72;;;;
V;345311;;;LMC058 Motion Control QX =S=O;18,99;;;;
V;345312;;;AS-i MAC IC =S=O;60,26;;;;
V;345313;;;TM3 IO-moduler Q1 =S=O;32,72;;;;
V;345315;;;TM3 IO-moduler Q1 =S=O;31,19;;;;
V;345328;;;HMI Operatörsterminal QA =S=O;42,27;;;;
V;345330;;;Kablage XZCC II KN TESE;56,53;;;;
V;345334;;;Operatörsterminal XBTN/R/F/HM/PM QG =S=O;36,71;;;;
V;345337;;;PLC M171 HVAc Controller QV =S=O;19,59;;;;
V;345338;;;Lexium drivers QW =S=O;0,76;;;;
V;345350;;;Mjukvaror BA Omron;42,69;;;;
V;345400;;;Distribuerad I/O Wago;27,99;;;;
V;345500;;;Anybus X-Gateway Communicator HMS;17,50;;;;
V;345502;;;Fältbusskomponent 5 Murr;53,76;;;;
V;345503;;;Fältbusskomponenter 7 MURR;50,54;;;;
V;345504;;;Tbh Fältbusskomponenter 7 MURR;57,53;;;;
V;345600;;;Distr I/O U-Remote Weidm I;2,28;;;;
V;345800;;;LOGO! 200 I SIE;19,76;;;;
V;345804;;;SIMATIC IOT 204 SIE;8,69;;;;
V;345812;;;SIMATIC S7-1200 Tbh 212 SIE;26,62;;;;
V;345813;;;SIMATIC S7-1200 SF 213 SIE;18,98;;;;
V;345814;;;SIMATIC S7-1500T 214 SIE;13,62;;;;
V;345815;;;SIMATIC S7-1500 215 SIE;13,62;;;;
V;345816;;;SIMATIC S7-1500F Failsafe Adv216 SIE;13,62;;;;
V;345817;;;S7 1200 Startpaket SIE;32,26;;;;
V;345818;;;SIMATIC Failsafe Tools 218 SIE;8,69;;;;
V;345819;;;SIMATIC S7-1500 I/O, ET200MP IM 219 SIE;13,62;;;;
V;345830;;;SIMATIC S7-300 CPU med tbh 230  SIE;14,27;;;;
V;345831;;;SIMATIC S7-300 I/O med tbh 231 SIE;14,27;;;;
V;345837;;;SIMATIC HMI Basic panel 237 SIE;20,71;;;;
V;345839;;;SIMATIC HMI Comfort panel 239 SIE;13,62;;;;
V;345840;;;SIMATIC S7-400 240 SIE;9,39;;;;
V;345841;;;SIMATIC Failsafe S7 ProfibusDP 241 SIE;11,71;;;;
V;345842;;;FAILSAFE S7-CPU 242 SIE;8,69;;;;
V;345850;;;SIMATIC ProfibusDP ET200 250 SIE;17,16;;;;
V;345854;;;SIMATIC ET200AL 254 SIE;16,21;;;;
V;345855;;;SIMATIC ET200SP 255 SIE;27,92;;;;
V;345856;;;SIMATIC ET200SP F 256 SIE;13,62;;;;
V;345857;;;SIMATIC ET200eco PN 257 SIE;15,34;;;;
V;345860;;;SIMATIC PG 260 SIE;0,00;;;;
V;345865;;;SIMATIC Standardverktyg 265 SIE;10,56;;;;
V;345866;;;SIMATIC Engineeringv 266 SIE;1,76;;;;
V;345870;;;SIMATIC HMI Paneler 07x / 17x 270 SIE;11,71;;;;
V;345875;;;SIMATIC HMI Flatpanel-PC67x/87x 275 SIE;8,70;;;;
V;345876;;;SIMATIC HMI mjukvara WinCC 276 SIE;8,69;;;;
V;345877;;;SIMATIC HMI Runtime-mjukvaror 277 SIE;16,21;;;;
V;345880;;;SIMATIC PCS 7 280 SIE;11,71;;;;
V;345887;;;TELEPERM 287 SIE;10,16;;;;
V;345960;;;Moduler/Kablage Phönix;24,56;;;;
V;345961;;;Moduler/Kablage II AE Phoenix;18,97;;;;
V;345962;;;Moduler/Kablage AG Phoenix;25,32;;;;
V;345994;;;Solar Netto;50,00;;;;
V;345995;;;Solar Plus;50,00;;;;
V;348102;;;Signalkabel Hf Nexans;72,33;;;;
V;348108;;;Signalkablar brandsäkra Alesure Nexans;75,44;;;;
V;348112;;;Apparatkabel Nexans;76,16;;;;
V;348114;;;Koaxialkabel Typ Ktv Nexans;69,31;;;;
V;348116;;;Telekabel Utomhus Nexans;79,84;;;;
V;348120;;;Kopplingskabel ENUBB Nexans;64,69;;;;
V;348134;;;Telekabel ELAQBY Nexans;68,19;;;;
V;348136;;;Telekabel ELAQPQB Nexans;64,50;;;;
V;348138;;;Telekabel EQQXB Nexans;71,96;;;;
V;348140;;;Telekabel ELEQB Nexans;67,70;;;;
V;348142;;;Telekabel J-H(ST)H Nexans;64,50;;;;
V;348144;;;Telekabel PTS-HF Nexans;62,88;;;;
V;348146;;;Telekabel EQQRB Nexans;70,31;;;;
V;348148;;;Telekabel FQQXB Nexans;64,80;;;;
V;348150;;;Telekabel FLQQBR Nexans;70,16;;;;
V;348152;;;Telekabel FLAQQBR Nexans;67,64;;;;
V;348154;;;Telekabel EQQYB Nexans;65,94;;;;
V;348156;;;RQQ LED Nexans AB;40,10;;;;
V;348202;;;Telekabel ELQYB NKT;54,00;;;;
V;348204;;;EQQXB Noburn  NKT;54,00;;;;
V;348250;;;Aptus kabel ASSA;45,26;;;;
V;348259;;;Brandlarmskabel Ateco;25,93;;;;
V;348268;;;Detektorkabel Ateco;23,70;;;;
V;348302;;;Telekabel inhus övriga;73,49;;;;
V;348400;;;LIYY / LIYCY;81,45;;;;
V;348404;;;LIYY LAPP;78,82;;;;
V;348406;;;LIYCY LAPP;80,38;;;;
V;348410;;;Signalkabel LAPP;81,88;;;;
V;348412;;;Signalkabel LIYCY;55,68;;;;
V;348500;;;Audiokablar Jenving;74,11;;;;
V;348520;;;LIHH / LIHCH Solar Cable;49,01;;;;
V;348550;;;Koaxialkabel Macab;30,91;;;;
V;348600;;;Detektorkabel Malux;60,87;;;;
V;348650;;;QnE Diverse QnE RQUB PM Flex PM6C2;72,91;;;;
V;348654;;;QnE FQ/RQ QnE PM Flex PM6B2;71,00;;;;
V;348700;;;LIHH / LIHCH;80,39;;;;
V;348702;;;Datakabel LIHCH LAPP;77,65;;;;
V;348710;;;Funktionssäker larmakabel Rutab;72,90;;;;
V;348750;;;Koaxialkabel;66,97;;;;
V;348994;;;Solar Netto;50,00;;;;
V;348995;;;Solar Plus;75,00;;;;
V;349100;;;Oskärmad kabel Commscope;76,17;;;;
V;349104;;;Skärmad Kabel Commscope;78,37;;;;
V;349108;;;Fiberkabel MM Commscope;68,37;;;;
V;349112;;;Fiberkabel SM Commscope;75,84;;;;
V;349120;;;Profinet;52,63;;;;
V;349200;;;Optokabel Melbye;73,88;;;;
V;349204;;;Blåsfiberkabel mini Melbye;71,41;;;;
V;349300;;;Datakabel Cu Nexans;72,00;;;;
V;349304;;;Optokabel Nexans;70,40;;;;
V;349350;;;Optokabel Hexatronic;69,62;;;;
V;349352;;;Blåsfiberkabel Hexatronic;69,22;;;;
V;349400;;;Cu Standard 3A =S=O;80,04;;;;
V;349412;;;Busskablar 5C =S=O;70,40;;;;
V;349500;;;Kopparkabel Excel I;35,05;;;;
V;349510;;;Cat kabel Leviton;61,49;;;;
V;349550;;;SIMATIC NET Stdkabel 5K1 SIE;17,69;;;;
V;349552;;;SIMATIC NET Speckabel Bus/Kom 5K2 SIE;16,35;;;;
V;349600;;;Busskablar Solar;72,10;;;;
V;349604;;;Datakablar Belden;73,56;;;;
V;349650;;;Fiberkabel VMC;35,07;;;;
V;349702;;;Fiberkablar TKF III;26,70;;;;
V;349800;;;Datakabel Cu 34 Elko;75,00;;;;
V;349900;;;Busskablar Rutab;74,14;;;;
V;349904;;;Actassi Fo Lan Kabel 3G =S=;9,00;;;;
V;349906;;;Busskabel  LAPP;40,81;;;;
V;349994;;;Solar Netto;50,00;;;;
V;349995;;;Solar Plus;75,00;;;;
V;350100;;;Blåsfiberkabel Melbye;70,19;;;;
V;350102;;;Blåsfiberkanalisation Melbye;71,15;;;;
V;350104;;;Blåsfiberkopplingar Melbye;71,55;;;;
V;350114;;;Fiberuttag och Väggboxar Melbye;66,35;;;;
V;350120;;;Dämpare Melbye;40,63;;;;
V;350122;;;Sökutrustning Melbye;46,30;;;;
V;350130;;;ODF ochTbh Till ODF Melbye;71,54;;;;
V;350140;;;Patchkablage FTTX Melbye;68,14;;;;
V;350146;;;Pigtail Fanout Och Adaptrar Melbye;68,39;;;;
V;350160;;;Skarvboxar och Markskåp Melbye;46,14;;;;
V;350170;;;Tillbehör Leviton;45,51;;;;
V;350180;;;Fiberoptic Matrix;60,00;;;;
V;350200;;;Cyb 7E =S=;67,82;;;;
V;350204;;;Montageram fiber Actassi 3H =S=O;18,63;;;;
V;350207;;;Blåsfiber Hexatronic;71,23;;;;
V;350212;;;Actassi Panel & Patch 3G =S=O;32,00;;;;
V;350214;;;Actassi Pigtail & Don 3G =S=O;13,41;;;;
V;350252;;;Nätmaterial 33 Elko;61,85;;;;
V;350254;;;Övrig Fiberoptik 33 Elko;64,32;;;;
V;350272;;;Kopplingsbox Ateco;19,45;;;;
V;350300;;;Plintar Fatum;71,85;;;;
V;350320;;;Fiber Patch Optifab;50,00;;;;
V;350352;;;Verktyg 3M;30,49;;;;
V;350400;;;Nätmaterial C3 Connect;33,21;;;;
V;350402;;;Nätmaterial C3 Connect Telia;36,40;;;;
V;350404;;;Verktyg C3 Connect;35,81;;;;
V;350406;;;TOSP C3 Connect;29,63;;;;
V;350408;;;TOSP C3 Connect Skannova;28,72;;;;
V;350450;;;kopplingsmaterial Connexio Ensto;74,63;;;;
V;350500;;;Patchkablage Commscope;72,14;;;;
V;350502;;;Väggboxar Commscope;62,34;;;;
V;350504;;;Fiberadaptrar Commscope;59,92;;;;
V;350550;;;Opto Emtelle;70,52;;;;
V;350551;;;Mikrokanalisation Emtelle;72,65;;;;
V;350552;;;Tillbehör Emtelle;48,60;;;;
V;350554;;;Tillbehör rör komm Terana;68,54;;;;
V;350600;;;Fiberboxar Enoc;61,48;;;;
V;350602;;;Tele/Datastativ Enoc;69,33;;;;
V;350604;;;Marksskåp Enoc;59,48;;;;
V;350700;;;Optomaterial Tykoflex 35;37,79;;;;
V;350702;;;Optomaterial Tykoflex 30;21,95;;;;
V;350800;;;FIBERBOXAR NEXANS;56,93;;;;
V;350802;;;Fiberboxar ODF Nexans;66,00;;;;
V;350808;;;Förterminerad ODF M Stubbkabel Nexans;60,13;;;;
V;350810;;;Förterminerad ODF Nexans;58,29;;;;
V;350818;;;Dämpare Nexans;31,11;;;;
V;350820;;;Patchkablage Fiber Nexans;68,00;;;;
V;350822;;;Pigtail Fanout adaptrer Nexans;59,91;;;;
V;350824;;;Pigtail Fanout och Adaptrar Nexans;63,81;;;;
V;350826;;;Skarvskåp Nexans;67,00;;;;
V;350854;;;Mikrokanalisation Wavin 26;40,40;;;;
V;350900;;;Nätmaterial ABB;60,98;;;;
V;350901;;;Markskåp telekom ABB Kabeldon;59,00;;;;
V;350902;;;Tele/Datastativ Ericsson;65,01;;;;
V;350908;;;Opto Hellermanntyton;58,24;;;;
V;350910;;;Opto Macab;10,26;;;;
V;350912;;;Optomaterial Memoteknik;44,62;;;;
V;350914;;;Tele/Datastativ MP 005;67,54;;;;
V;350916;;;Optomaterial Optomize;39,01;;;;
V;350922;;;Nätmaterial TJEDER;66,49;;;;
V;350926;;;Nätmateriel VMC;58,21;;;;
V;350928;;;Plintar och Kopplingsboxar Linjator;66,53;;;;
V;350930;;;Stitec Markskåp 50;47,65;;;;
V;350932;;;ODF m. TBH TD Fiberoptik;47,11;;;;
V;350934;;;Patchkablage TD Fiberoptik;46,04;;;;
V;350938;;;Skanova TD Fiberoptik;43,54;;;;
V;350950;;;Wire Tray Axelent;38,95;;;;
V;350990;;;Solar Plus Patchkablar fiber;50,00;;;;
V;350994;;;Solar Netto;50,00;;;;
V;350995;;;Solar Plus;50,00;;;;
V;351100;;;Uttag/Brickor Commscope I;73,18;;;;
V;351104;;;Modularkontakter Commscope I;78,30;;;;
V;351106;;;Modularkontakter Commscope II;64,29;;;;
V;351108;;;Paneler Commscope I;73,18;;;;
V;351112;;;Patchkablage Commscope I;64,68;;;;
V;351200;;;Actassi Patch & Färgkodning 3B =S=O;28,20;;;;
V;351204;;;Actassi Rj45 Jack 3B =S=O;36,81;;;;
V;351206;;;Home 3H =S=O;40,62;;;;
V;351210;;;Actassi DataskåpTbh 3B =S=O;14,63;;;;
V;351213;;;Thorsman CYB 7D =S=O;73,71;;;;
V;351214;;;Thorsman CYB 7E =S=O;73,71;;;;
V;351215;;;Thorsman CYB HD =S=O;73,71;;;;
V;351216;;;Nätverksanslutning trådat 3H =S=O;67,89;;;;
V;351220;;;Data Centrumplattor 3H =S=O;25,93;;;;
V;351235;;;Datauttag RG36 ELKO;57,00;;;;
V;351240;;;Patch kabel Leviton;41,11;;;;
V;351300;;;Uttag/Brickor Fästmateriel 33 Elko;71,15;;;;
V;351308;;;Tcs Data 37 Elko;21,45;;;;
V;351312;;;Uttag, C-platta RS Renvit inf I 58 Elko;65,00;;;;
V;351314;;;Uttag, C-platta RS Renvit inf II 58 Elko;63,00;;;;
V;351316;;;Uttag, C-platta RS Renvit utv 58 Elko;64,00;;;;
V;351320;;;Kompletta MOD.uttag FV/RV RG 3D ELKO;48,22;;;;
V;351322;;;Cetrum-/Blindlock FV/RV RG 3D ELKO;47,21;;;;
V;351324;;;Kompletta MOD.uttag SV RG 3D ELKO;48,22;;;;
V;351326;;;Cetrum-/Blindlock SV RG 3D ELKO;47,21;;;;
V;351350;;;USB adapt Hager;68,00;;;;
V;351352;;;Centrumplattor Data Hager;56,73;;;;
V;351355;;;Nätverksprodukter Teltonika;27,99;;;;
V;351500;;;SIMATIC NET IE Switch fältnivå 5N2 SIE;21,77;;;;
V;351502;;;SIMATIC NET IE Switch enkla 5N1 SIE;45,57;;;;
V;351504;;;SIMATIC NET IWLAN 5W3 SIE;19,04;;;;
V;351506;;;SIMATIC NET CP-kort Micro PLC 5P1 SIE;23,15;;;;
V;351510;;;SIMATIC NET IE Switch styr/anl 5N3 SIE;17,50;;;;
V;351514;;;SIMATIC NET SCALANCE M fältnivå 5M2 SIE;17,22;;;;
V;351600;;;Aktiv Nätverksutrustning Melbye;29,49;;;;
V;351602;;;Mediakonverter Melbye;29,49;;;;
V;351640;;;Modularkontakter NEXANS;56,93;;;;
V;351642;;;Kabelsystem Nexans;58,28;;;;
V;351682;;;Switch unman Stratix 2000 K651E A-B;30,19;;;;
V;351684;;;Switch managed Stratix 5700 K671A A-B;16,46;;;;
V;351689;;;Nätverkswitchar Murr;44,09;;;;
V;351690;;;Tbh Switch Stratix 4000 K6974 A-B;16,46;;;;
V;351700;;;Switch Industrial Ethernet I651 Weidm;34,55;;;;
V;351702;;;Industrial Ethernet kablar I655 Weidm;35,96;;;;
V;351704;;;Industrial Ethernet kontakter I652 Weidm;34,55;;;;
V;351800;;;Uttag/brickor Jussi ABB;68,88;;;;
V;351802;;;Uttag/brickor Impressivo ABB;66,41;;;;
V;351804;;;Datauttag Saga  ABB;54,21;;;;
V;351842;;;D-Link Aktiva Produkter;27,91;;;;
V;351900;;;CTS System;39,05;;;;
V;351904;;;Avantis Aktiva Produkter;26,15;;;;
V;351908;;;Aktiv Nätverksutrustning Zyxel;27,31;;;;
V;351912;;;Koaxialkontakter;63,11;;;;
V;351920;;;Data/Tele Berker S1 Hager;65,00;;;;
V;351928;;;Nätverksutrustning Televes;17,93;;;;
V;351932;;;Uttag 4 Murr;52,68;;;;
V;351950;;;Datanät TD Fiberoptik;36,59;;;;
V;351960;;;Kontaktdon Phönix;40,37;;;;
V;351962;;;Omvandlare/switchar I Phönix;39,29;;;;
V;351965;;;Omvandlare/Switchar AE Phoenix;19,83;;;;
V;351990;;;Solar Plus Fiber;50,00;;;;
V;351991;;;Solar Plus Kontaktdon;50,00;;;;
V;351992;;;Solar Plus Switchar;50,00;;;;
V;351994;;;Solar Netto;50,00;;;;
V;351995;;;Solar Plus Pathkabel CU;50,00;;;;
V;352100;;;LOGO! Power 583 SIE;57,47;;;;
V;352102;;;SIPLUS LOGO! Nätdon 470 SIE;21,46;;;;
V;352110;;;S7-200 & S7-1200 Nätdon 590 SIE;23,56;;;;
V;352112;;;S7-300 & ET200 PRO Nätdon 589 SIE;22,66;;;;
V;352120;;;SITOP Compact / PSU 583 SIE;33,36;;;;
V;352122;;;SITOP DC USV 585 SIE;30,36;;;;
V;352124;;;SITOP Lite 593 SIE;50,93;;;;
V;352126;;;SITOP Modular 581 SIE;49,79;;;;
V;352128;;;SITOP Select 586 SIE;46,93;;;;
V;352130;;;SITOP Smart 582 SIE;45,47;;;;
V;352132;;;SITOP Fästmateriel 588 Sie;42,23;;;;
V;352140;;;Transformator isolerade 0-16kVA 4M1 SIE;70,14;;;;
V;352150;;;Överspänningsskydd 037 SIE;81,23;;;;
V;352160;;;Montagematerial Solceller VDV;53,50;;;;
V;352180;;;Överspänningsskydd Eltako;45,18;;;;
V;352200;;;Skyddstrafo LF NORATEL;67,00;;;;
V;352204;;;Skyddstrafo SU NORATEL;67,97;;;;
V;352208;;;Skyddstrafo RDS (Norm) NORATEL;66,23;;;;
V;352212;;;DC-Strömförsörjning DSD (Din) NORATEL;61,56;;;;
V;352216;;;Skyddstrafo FR NORATEL;67,28;;;;
V;352224;;;DC-Strömförsörjning DRA (Din) NORATEL;59,62;;;;
V;352228;;;Belysningstrafo HaloPower NORATEL;60,51;;;;
V;352250;;;Skyddstrafo Tufvasson Tesch;68,17;;;;
V;352261;;;SOLCELL I GARO;49,03;;;;
V;352270;;;Ladduttag USB Plus 44 Elko;70,00;;;;
V;352271;;;Ladduttag USB FV RS 49 Elko;70,70;;;;
V;352272;;;Ladduttag USB RS Renvit 58 Elko;64,00;;;;
V;352274;;;USB-UTTAG RG36 ELKO;54,29;;;;
V;352280;;;USB Uttag Hager;63,86;;;;
V;352300;;;Nätaggregat Swansons;62,54;;;;
V;352304;;;Dokumentskåp Swanson;61,61;;;;
V;352308;;;Rökluckestyrning Swanson;57,88;;;;
V;352312;;;Larm och Teleplintar Swanson;53,66;;;;
V;352373;;;Optimerare Tigo;54,00;;;;
V;352379;;;Solenergiprodukter SunStyle 2401;40,59;;;;
V;352392;;;Växelriktare Sellpower;55,00;;;;
V;352393;;;Energilagring Sellpower;56,50;;;;
V;352394;;;Montagematerial Tegel Sellpower;49,00;;;;
V;352395;;;Takgenomföringar Sellpower;51,00;;;;
V;352396;;;Montagematerial Papptak Sellpower;49,00;;;;
V;352398;;;solcellslarm Sellpower;45,46;;;;
V;352399;;;Solenergi display Sellpower;47,00;;;;
V;352400;;;Transformator ABL FA =S=O;76,15;;;;
V;352404;;;Nätaggregat ABL FA =S=O;75,71;;;;
V;352405;;;Laddstation USB H1 =S=O;67,89;;;;
V;352408;;;Normtrafo A9 SA =S=O;53,78;;;;
V;352412;;;Åskskydd A9 SA =S=O;53,32;;;;
V;352413;;;Åskskydd A9 SD =S=O;53,32;;;;
V;352420;;;UPS APC =S=;56,83;;;;
V;352422;;;Överspänningsskydd R9 RA  Schneider;58,80;;;;
V;352430;;;52 RCO;37,11;;;;
V;352501;;;Nätaggregat Basic 1606-XLB B979F A-B;34,67;;;;
V;352504;;;Nätaggregat kompakt 1606-XLP B9349 A-B;41,93;;;;
V;352507;;;BUFFERTMODUL 1606-XLS B9350 A-B;34,02;;;;
V;352512;;;Nätaggregat 1606-XLE B9348 A-B;41,47;;;;
V;352540;;;Övervakningsmodul Mico 9 Murr;55,91;;;;
V;352541;;;Nätaggregat 9 Murr;61,29;;;;
V;352542;;;Nätaggregat & transformator 9 Murr;61,29;;;;
V;352544;;;Transientskydd 2 Murr;41,41;;;;
V;352551;;;Strömförsörjning DD Omron;41,51;;;;
V;352552;;;UPS DU Omron;44,09;;;;
V;352560;;;Spänningsaggregat ABB;60,27;;;;
V;352610;;;Blybatterier Celltech;58,43;;;;
V;352630;;;Strömförsörjning CDVI;34,74;;;;
V;352640;;;Strömförsörjning Milleteknik;28,42;;;;
V;352641;;;Nätverksutrustning MIlleteknik;30,21;;;;
V;352642;;;Tillbehör Milleteknik;36,77;;;;
V;352648;;;UPS bas 9B =S=;42,83;;;;
V;352650;;;Åskskydd Elrond;65,37;;;;
V;352670;;;Transformator Eldon;58,77;;;;
V;352680;;;Nätaggregat Eltako;69,18;;;;
V;352700;;;Åskskydd Hager;67,50;;;;
V;352720;;;Nätaggregat Mascot;55,49;;;;
V;352730;;;Belysningstransformatorer Maxel;62,63;;;;
V;352750;;;Överspänningsskydd OBO;65,00;;;;
V;352754;;;Överspänningsskydd Elkraft DEHN;53,57;;;;
V;352756;;;Överspänningsskydd signal DEHN;53,57;;;;
V;352758;;;Överspänningsskydd Tbh DEHN;50,00;;;;
V;352765;;;Transfomatorer Ledvance;63,05;;;;
V;352770;;;Belysnings Trafo Garo Elflex;54,22;;;;
V;352771;;;Överspänningsskydd Garo;68,00;;;;
V;352799;;;Elektroniska säkringar Wago;43,44;;;;
V;352810;;;Blybatteri Sellpower;42,16;;;;
V;352811;;;Enoc System;50,00;;;;
V;352812;;;Blybatteri Sellpower X;43,22;;;;
V;352850;;;Belysnings Trafo VADSBO;69,00;;;;
V;352858;;;Spänningsaggregat Carlo Gavazzi;26,00;;;;
V;352860;;;Nätaggregat Ecoline E553 Weidm;64,67;;;;
V;352890;;;UPS Eaton;35,67;;;;
V;352900;;;Strömförsörjning Alarmtech;55,70;;;;
V;352950;;;Strömförsörjning Phönix;40,93;;;;
V;352952;;;UPS Phönix;41,17;;;;
V;352954;;;Överströmsskydd Phönix;39,24;;;;
V;352955;;;Trafo AA Phoenix;38,29;;;;
V;352961;;;LIGHT Belysningstransformatorer I;45,00;;;;
V;352962;;;LIGHT Belysningstransformatorer Ii;45,00;;;;
V;352972;;;LIGHT Solar Belysningstrafo Ii;45,00;;;;
V;352990;;;Solar Plus Blybatteri;50,00;;;;
V;352991;;;Solar Plus Överspänningsskydd;50,00;;;;
V;352994;;;Solar Netto;50,00;;;;
V;352995;;;Solar Plus Nätaggregat;50,00;;;;
V;353100;;;Ljus-/Ljudramp  XV./A/B/D IC =S=O;70,07;;;;
V;353101;;;Signaltorn 42K Siemens;50,43;;;;
V;353110;;;Ringledningstrafo A9 SA =S=O;38,99;;;;
V;353114;;;Tryckknapp Mush Ø22 Style 5 IB =S=O;55,08;;;;
V;353124;;;Kontorssigal Exxact H1 =S=;67,40;;;;
V;353126;;;Ringledartrafo R9 RA  Schneider;45,92;;;;
V;353150;;;Ljustorn 854J B518J A-B;48,25;;;;
V;353155;;;Ljustorn 856T B5-28G A-B;52,21;;;;
V;353200;;;Ringklockor 41 Elko;58,26;;;;
V;353206;;;Varningsmateriel T005 Weidm;60,40;;;;
V;353210;;;Sirener Visonic;50,32;;;;
V;353250;;;Ljuspelare I Balluff;13,92;;;;
V;353280;;;Larmdon Ateco;17,37;;;;
V;353400;;;Honeywell Dörrsignal  Friedland;67,77;;;;
V;353440;;;Normtrafo Eldon;63,01;;;;
V;353480;;;Kontorssignal RS 46 Elko;61,17;;;;
V;353482;;;Ljudsignaler RS Nordic 58 Elko;61,33;;;;
V;353500;;;Batterier GP;45,36;;;;
V;353510;;;Powerstations Aquila;36,50;;;;
V;353540;;;Normtrafo Hager;69,00;;;;
V;353580;;;Kontor/Kö-System Tjeder;59,83;;;;
V;353600;;;Varningsljus/siren Nelco;57,72;;;;
V;353680;;;Övrig Ringledningsmat.;64,20;;;;
V;353700;;;Varningsljus/Siren Sie;76,27;;;;
V;353702;;;Siren, Sum & Blixtljus 3SIDF SP Sie;44,05;;;;
V;353840;;;Batterier Varta;70,33;;;;
V;353990;;;Solar Plus Batteri;50,00;;;;
V;353991;;;Solar Plus Siréner;50,00;;;;
V;353994;;;Solar Netto;50,00;;;;
V;353995;;;Solar Plus;50,00;;;;
V;355050;;;RWC Hager;52,34;;;;
V;355100;;;Nödsignalsystem H1 =S=;73,62;;;;
V;355104;;;Handikapplarm RWC Exxact H1 =S=;75,13;;;;
V;355200;;;Nödsignal Tjeders;57,84;;;;
V;355300;;;Nödsignalsystem RS 46 Elko;69,27;;;;
V;355302;;;Nödsignalsystem RS Renvit 58 Elko;62,72;;;;
V;355400;;;Nödsignalsystem B&J;59,32;;;;
V;355500;;;Säkerhetssystem Tjeders;44,97;;;;
V;355804;;;RWC-Larm Saga ABB;52,17;;;;
V;355994;;;Solar Netto;50,00;;;;
V;357100;;;Teleuttag 33 Elko;75,00;;;;
V;357112;;;Telefoni Exxact =S=;74,00;;;;
V;357320;;;Telefoni utr Moon Radio;64,04;;;;
V;357994;;;Solar Netto;50,00;;;;
V;357995;;;Solar Plus;50,00;;;;
V;358104;;;Passage Codelock 3SAAM V-Bilt;38,37;;;;
V;358106;;;Passage Coodor 3SAAF V-Bilt;42,15;;;;
V;358111;;;Passage Aliro 3SASA V-Biltmens SP;39,92;;;;
V;358116;;;Passage Kort & Taggar 3SABJ V-Bilt;45,60;;;;
V;358120;;;Passage Läsare 3SABH V-Bilt;48,59;;;;
V;358121;;;Startpaket Vanderbilt;47,37;;;;
V;358128;;;PassageTbh 3SAAA V-Bilt;43,53;;;;
V;358130;;;Passage Batteri 3SAEB V-Bilt;30,20;;;;
V;358132;;;Passage Tbh V-bilt;49,23;;;;
V;358193;;;ID LOCK LÅS;44,38;;;;
V;358220;;;Axema Z;29,66;;;;
V;358221;;;Axema B;27,11;;;;
V;358222;;;Axema F P;28,18;;;;
V;358223;;;Axema A V T;32,14;;;;
V;358250;;;Lås ASSA;29,79;;;;
V;358251;;;Dörrstängare ASSA;50,27;;;;
V;358256;;;Yale ASSA;30,13;;;;
V;358259;;;ARX ASSA X;37,33;;;;
V;358261;;;ARX ASSA;37,33;;;;
V;358262;;;ARX special ASSA;26,81;;;;
V;358263;;;Aperio ASSA;33,14;;;;
V;358264;;;Övrigt ASSA;25,79;;;;
V;358266;;;ARX ASSA (Old);27,99;;;;
V;358268;;;Aperio ASSA X;40,00;;;;
V;358270;;;Lås Låsborgen;36,32;;;;
V;358280;;;Aptus centraler ASSA;45,26;;;;
V;358282;;;Aptus Licenser ASSA;45,26;;;;
V;358284;;;Aptus läsare & portregister ASSA;45,26;;;;
V;358286;;;Aptus bokningstavlor ASSA;45,26;;;;
V;358288;;;Aptus tillbehör taggar ASSA;45,26;;;;
V;358290;;;Aptus tillbehör cent. & läsare ASSA;45,26;;;;
V;358292;;;Aptus Yale Doorman ASSA;45,26;;;;
V;358294;;;Porttelefon och Läsare DoorBird Assa;36,84;;;;
V;358296;;;ARX integration DoorBird Assa;36,84;;;;
V;358298;;;Tillbehör Aktiv utr. DoorBird Assa;36,84;;;;
V;358299;;;Tillbehör Passiv utr. DoorBird Assa;36,84;;;;
V;358341;;;SALTO PASSER;25,70;;;;
V;358342;;;SALTO TBH;27,49;;;;
V;358344;;;Danalock integration Salto;25,70;;;;
V;358345;;;TBH-2 Salto;25,70;;;;
V;358346;;;TBH-3 Salto;25,70;;;;
V;358370;;;ELS Vision Electrolux;9,36;;;;
V;358372;;;58 B RCO;31,34;;;;
V;358373;;;58 C RCO;41,67;;;;
V;358374;;;58 D RCO;31,76;;;;
V;358375;;;58 C RCO X;40,43;;;;
V;358380;;;Larm Tbh Stonehouse;38,67;;;;
V;358460;;;Dörrautomatik (Digiway) CDVI;43,16;;;;
V;358465;;;Dörrautomatik tillbehör-1 CDVI;42,11;;;;
V;358466;;;Dörrautomatik tillbehör-2 CDVI;43,16;;;;
V;358467;;;Dörrautomatik tillbehör-3 CDVI;44,00;;;;
V;358470;;;Ellås CDVI;34,74;;;;
V;358472;;;Magnetslås & Brytskydd CDVI;34,74;;;;
V;358474;;;Kodlås CDVI;34,74;;;;
V;358476;;;Biometrics CDVI;34,74;;;;
V;358478;;;Sändare och mottagare CDVI;34,74;;;;
V;358480;;;Passersystem centraler CDVI;34,74;;;;
V;358482;;;Passersystem läsare CDVI;34,74;;;;
V;358484;;;Passersystem Taggar och Kort CDVI;34,74;;;;
V;358486;;;Passersystem Licenser CDVI;34,74;;;;
V;358489;;;Passersytem Övriga tillbehör CDVI;34,74;;;;
V;358490;;;Generella tillbehör CDVI;34,74;;;;
V;358500;;;Dörrkontroll UTC Fire & Security;31,54;;;;
V;358510;;;Porttelefon Welcome ABB;19,14;;;;
V;358595;;;Tillbehör passersystem Ateco;25,93;;;;
V;358600;;;Lås Safetron;12,30;;;;
V;358604;;;Ellås Safetron;37,51;;;;
V;358994;;;Solar Netto;50,00;;;;
V;358995;;;Solar Plus;50,00;;;;
V;360100;;;Antennmateriel Macab;64,90;;;;
V;360104;;;Koppar Lan Televes;63,65;;;;
V;360400;;;Antennuttag 33 Elko;57,00;;;;
V;360402;;;Antenn-mtrl RS Renvit 58 Elko;63,00;;;;
V;360404;;;CENTRUMLOCK RG36 ELKO;54,08;;;;
V;360410;;;Centrumplattor Antenn Hager;56,73;;;;
V;360700;;;Antennmaterial Berker S1 Hager;65,06;;;;
V;360800;;;Antenn Uttag =S=;66,34;;;;
V;360804;;;Antennmateriel 3H =S=;68,94;;;;
V;360994;;;Solar Netto;50,00;;;;
V;360995;;;Solar Plus;50,00;;;;
V;362300;;;Ur & Tid Westerstrand;48,55;;;;
V;362400;;;Audiokablage Jenving;76,27;;;;
V;362404;;;Bricka Ljud 37 Elko;11,79;;;;
V;362700;;;Audio uttag Hager;56,73;;;;
V;362804;;;Antennuttag och tillbehör Saga ABB;49,47;;;;
V;362994;;;Solar Netto;50,00;;;;
V;363111;;;Brand Konv Sie;25,88;;;;
V;363114;;;CCTV IP kameror 3SVFB SP V-Bilt;46,73;;;;
V;363130;;;Inbrott Branddetektorer 3SIGW SP V-Bilt;33,66;;;;
V;363134;;;Inbrott IR detektorer 3SIDA SP V-Bilt;53,53;;;;
V;363136;;;Inbrott Larmkabel,  Boxar 3SIGJ V-Bilt;34,93;;;;
V;363138;;;Inbrott Magnetkontakter 3SIDF SP V-Bilt;40,67;;;;
V;363140;;;Inbrott Seismiska detektor 3SIDC V-Bilt;55,02;;;;
V;363142;;;Inbrott Seismiska detektor 3SIDD V-Bilt;53,90;;;;
V;363146;;;Inbrott SPC 3SIPH SP V-Bilt;43,23;;;;
V;363148;;;Inbrott Strömförsörjning 3SIGP V-Bilt;49,70;;;;
V;363150;;;Inbrott Trådlösa detekt. 3SIDG V-Bilt;38,10;;;;
V;363152;;;Larmsändare V-bilt;44,78;;;;
V;363160;;;Larm & Tbh V-Bilt;58,74;;;;
V;363165;;;Detektor Extronic;45,26;;;;
V;363166;;;Central Extronic;45,26;;;;
V;363168;;;Security LarmTbh V-Bilt;38,27;;;;
V;363169;;;Övriga larmtillbehör Extronic;45,26;;;;
V;363174;;;Magnetkontakter V-Bilt;39,74;;;;
V;363190;;;Inbrott Galaxy;41,45;;;;
V;363212;;;PowerMaster Visonic;53,38;;;;
V;363214;;;PowerMax Visonic;50,66;;;;
V;363230;;;Rök- och värmedetektorer Ateco;25,93;;;;
V;363231;;;Rökluckor och tillbehör Ateco;25,93;;;;
V;363232;;;Skyltar och dekaler Ateco;25,93;;;;
V;363233;;;Strömförsörjningar tillbehör Ateco;25,93;;;;
V;363234;;;Testutrustning Ateco;25,93;;;;
V;363235;;;Tillbehör Brandlarm Ateco;25,93;;;;
V;363236;;;Tillbehör detektorer Ateco;25,93;;;;
V;363237;;;Tillbehör Larmknapp Ateco;25,93;;;;
V;363238;;;Tillbehör Optisk/Akustisk signalenhet At;31,88;;;;
V;363239;;;Övriga detektorer Ateco;25,93;;;;
V;363240;;;Dokumentation Ateco;25,93;;;;
V;363241;;;Dörrmagneter och dito tillbehör Ateco;25,93;;;;
V;363242;;;Dörrstägning Ateco;25,93;;;;
V;363243;;;Larmknapp,  Brytare & omkopplare - 1 Ate;31,88;;;;
V;363244;;;Larmknapp,  Brytare & omkopplare - 2 Ate;31,88;;;;
V;363245;;;Modulskåp Ateco;25,93;;;;
V;363246;;;Nödtelefon & utrymning Ateco;25,93;;;;
V;363247;;;Optisk / Akustisk signalenheter Ateco;25,93;;;;
V;363248;;;Startpaket Ateco;25,93;;;;
V;363249;;;Detektorkabel & Tillbehör Ateco;25,93;;;;
V;363252;;;Aspirerande Brand Ateco;25,93;;;;
V;363253;;;Brandlarmscentraler Ateco;25,93;;;;
V;363254;;;Bygglarm Ateco;25,93;;;;
V;363256;;;Inrymning (PDV) Ateco;27,37;;;;
V;363260;;;Larm konv. Honywell;41,76;;;;
V;363344;;;Wiser brandvarnare H7 =S=;48,00;;;;
V;363355;;;NEST NETTO;5,89;;;;
V;363370;;;Security TBH 370 Solar;18,62;;;;
V;363380;;;TVO Server;17,89;;;;
V;363381;;;TVO Server Tillbehör;0,00;;;;
V;363406;;;Video IP Bosch 1A 1B 6A;34,73;;;;
V;363410;;;Inbrottslarm Bosch;36,10;;;;
V;363411;;;Inbrottslarm 2 - Keenfinity;36,84;;;;
V;363412;;;Inbrottslarm moq Bosch;35,69;;;;
V;363420;;;Videoövervakning Uniview;40,31;;;;
V;363430;;;Kameror Dahua;44,21;;;;
V;363433;;;NVR & Nätverk Dahua;44,21;;;;
V;363437;;;Tillbehör - I Dahua;53,26;;;;
V;363438;;;Tillbehör - II Dahua;27,37;;;;
V;363439;;;Övrigt Dahua;45,79;;;;
V;363500;;;Larmsändare Övriga Add Secure I;43,93;;;;
V;363501;;;Larmsändare Övriga Add Secure X;48,18;;;;
V;363503;;;Larmsändare Airborne Add Secure X;32,87;;;;
V;363504;;;Larmsändare Airborne Add Secure II;22,11;;;;
V;363505;;;Larm Spec Add Secure;34,21;;;;
V;363507;;;Larmsändare Iris Addsecure;44,21;;;;
V;363508;;;Tbh Add Secure;19,86;;;;
V;363509;;;Iris Tbh-1 Addsecure;44,21;;;;
V;363600;;;Inbrottslarm  Fire & Security UTC;47,68;;;;
V;363606;;;Videosäkerhet UTC;41,57;;;;
V;363609;;;Startpaket Aritech;43,90;;;;
V;363617;;;Brand Konv UTC;47,09;;;;
V;363618;;;Brand Adress UTC;43,50;;;;
V;363630;;;Brandlarm Smartcell Kidde;33,68;;;;
V;363635;;;Aspirerande Brand Kidde;44,13;;;;
V;363650;;;LarmTbh R40 Security Kamic;58,59;;;;
V;363702;;;KNX Brandvarnare Hager;39,89;;;;
V;363720;;;LarmTbh Alarmtech;60,15;;;;
V;363721;;;LarmTbh-2 - Alarmtech;56,68;;;;
V;363722;;;Verktyg Alarmtech;53,97;;;;
V;363724;;;Optokabel Alarmtech;39,60;;;;
V;363750;;;Brand Factory Securitas;77,18;;;;
V;363752;;;Batteridekal BrandFactory;46,31;;;;
V;363760;;;Larmsändare Tbh Add Secure;38,37;;;;
V;363762;;;Larmsändare Dalm Add Secure;19,19;;;;
V;363770;;;BrandTbh Housegard;28,37;;;;
V;363772;;;Larmkort Hellmertz;37,13;;;;
V;363776;;;Säkerhetssystem RS Renvit 58 Elko;61,91;;;;
V;363778;;;Säkerhet R1 R7 D1 Elko;62,15;;;;
V;363780;;;Sirener Indusec;61,98;;;;
V;363800;;;Övriga Larm ochTbh;45,64;;;;
V;363801;;;AxxonSoft;49,47;;;;
V;363806;;;Motstånd Larm Modern Elteknik;67,41;;;;
V;363810;;;BrandTbh Esylux;62,34;;;;
V;363814;;;Driftlarm;56,64;;;;
V;363818;;;LarmTbh Extronic;45,19;;;;
V;363820;;;LarmTbh Solar;65,38;;;;
V;363824;;;Siren Solar;62,89;;;;
V;363850;;;Komponenter Tjeders;62,00;;;;
V;363852;;;SäkerhetTbh Tjeders;58,87;;;;
V;363860;;;Securitas Journal - Andersson;77,46;;;;
V;363872;;;LarmTbh VMC;52,28;;;;
V;363990;;;Solar Plus Brand;50,00;;;;
V;363994;;;Solar Netto;50,00;;;;
V;363995;;;Solar Plus Larm;50,00;;;;
V;370200;;;Interiörarmaturer Exaktor;68,18;;;;
V;370203;;;Tak/pendlade armaturer Exaktor/Proton;60,72;;;;
V;370205;;;Bänkarmatur Exaktor/Proton;54,39;;;;
V;370207;;;Basarmatur Tak Exaktor/Proton;54,21;;;;
V;370300;;;Interiörarmaturer Ensto II;60,57;;;;
V;370302;;;Interiörarmaturer Ensto I;62,86;;;;
V;370310;;;Tak/väggarmatur Jono Ensto;55,09;;;;
V;370340;;;Interiörarmatur KHS;45,92;;;;
V;370400;;;Interiörarmaturer Nokalux I;61,69;;;;
V;370410;;;Interiörarmaturer Nokalux II;53,02;;;;
V;370500;;;Interiörarmaturer Osram I;70,00;;;;
V;370510;;;Floodlight Ledvance;71,00;;;;
V;370610;;;Interiörarmaturer DesginLight;27,55;;;;
V;370649;;;Interiörarmatur SG X;67,20;;;;
V;370650;;;Interiörarmatur SG;68,00;;;;
V;370653;;;Basarmatur Tak SG armaturen;58,00;;;;
V;370654;;;Basarmatur Tak SG armaturen II;59,00;;;;
V;370655;;;Bänkarmatur SG armaturen;75,00;;;;
V;370657;;;Tak infälld armatur SG armaturen;54,00;;;;
V;370660;;;Interiörarmaturer  Hide-A-Lite;66,40;;;;
V;370662;;;Interiörarm Panel Kitchen Hide-A-Lite X;71,00;;;;
V;370760;;;Interiörarmaturer Philips;53,72;;;;
V;370800;;;Interiörarmaturer Westal;51,50;;;;
V;370961;;;LIGHT Interiör I;45,00;;;;
V;370962;;;LIGHT Interiör II;45,00;;;;
V;370971;;;SOLAR LIGHT Interiör I;45,00;;;;
V;370972;;;SOLAR LIGHT Interiör II;45,00;;;;
V;370994;;;Netto Ljus 70;50,00;;;;
V;372200;;;Kapslade Armaturer Proton I;73,59;;;;
V;372203;;;Industriarmatur IP23 Exaktor/Proton;60,98;;;;
V;372205;;;Industriarmatur IP44 Exaktor/Proton;58,24;;;;
V;372210;;;Kapslade Armaturer Proton II;63,39;;;;
V;372300;;;Kapslade Armaturer Philips;65,05;;;;
V;372310;;;Industriarmatur Arena SG;53,71;;;;
V;372313;;;Industriarmatur Area SG;60,04;;;;
V;372340;;;Industriarmatur KHS;14,44;;;;
V;372350;;;Industriamratur  Hide-A-Lite;65,00;;;;
V;372360;;;Industriarmatur SG;45,46;;;;
V;372362;;;Industriarm Liteline Hide-A-Lite X;66,58;;;;
V;372440;;;Kapslade Armaturer Osram;66,89;;;;
V;372450;;;Kapslade arm Ledvance;68,70;;;;
V;372460;;;Kapslade arm Westal;54,00;;;;
V;372470;;;Industriarmaturer DesignLight;42,19;;;;
V;372600;;;Kapslade Armaturer Scan Interlight;62,04;;;;
V;372701;;;Ensto kapslade armaturer;56,65;;;;
V;372971;;;SOLAR LIGHT Solar Industriarmatur I;45,00;;;;
V;372972;;;SOLAR LIGHT Solar Industriarmatur II;45,00;;;;
V;372994;;;Netto Ljus 72;50,00;;;;
V;373100;;;Nödljus Kamic;54,02;;;;
V;373220;;;Nödljus 0A =S=;53,05;;;;
V;373300;;;Nödljusarmatur KHS;40,95;;;;
V;373350;;;Nödljus SG;41,57;;;;
V;373500;;;Nödljus Ledolight;59,66;;;;
V;373510;;;Nödbelysning/skyltar Ledolight;70,21;;;;
V;373800;;;Nödljusarmaturer Teknoware;54,43;;;;
V;373961;;;SOLAR LIGHT Nödbelysning I;45,00;;;;
V;373962;;;SOLAR LIGHT Nödbelysning II;45,00;;;;
V;373971;;;SOLAR LIGHT Solar Nödbelysning I;45,00;;;;
V;373972;;;SOLAR LIGHT Solar Nödbelysning II;45,00;;;;
V;373994;;;Netto Ljus 73;50,00;;;;
V;374100;;;Spotlight Hide-A-Lite;67,00;;;;
V;374101;;;Downlight Thin Hide-A-Lite;84,49;;;;
V;374102;;;Downlight  Hide-A-Lite;72,00;;;;
V;374103;;;Downlight Net  Hide-A-Lite;83,60;;;;
V;374106;;;Downlight Hide-A-Lite X;73,06;;;;
V;374108;;;Downlight Core Hide-A-Lite X;84,20;;;;
V;374110;;;1-Fas Armaturer/Tillbehör  Hide-A-Lite;56,50;;;;
V;374115;;;3-Fas Armaturer/Tillbehör  Hide-A-Lite;66,34;;;;
V;374120;;;LED Downlight/Tillbehör  Hide-A-Lite;59,00;;;;
V;374125;;;LED Drivdon  Hide-A-Lite;72,50;;;;
V;374130;;;LED Mini Downlight Hide-A-Lite;65,30;;;;
V;374145;;;Transformatorer  Hide-A-Lite;59,00;;;;
V;374200;;;Spotlight Maxel I;62,95;;;;
V;374206;;;Downlight Maxel I;61,59;;;;
V;374208;;;Downlight Maxel II;58,48;;;;
V;374210;;;Downlights 2 Lumilo;44,90;;;;
V;374230;;;Säkerhetsboxar/Tillbehör Maxel;56,86;;;;
V;374235;;;Säkerhetsboxar/Tillbehör Maxel I;55,64;;;;
V;374302;;;Spotlight Vinga/Kamic;62,89;;;;
V;374305;;;Spotlight Vinga/Kamic I;61,55;;;;
V;374410;;;Downlight  Plejd;64,80;;;;
V;374510;;;Downlights Ledvance;70,77;;;;
V;374520;;;Downlight Proton;59,69;;;;
V;374540;;;Ensto downlights;62,89;;;;
V;374550;;;Downlights DesignLight;45,00;;;;
V;374699;;;Spotlight Sg Armaturen X;71,01;;;;
V;374700;;;Spotlight Sg Armaturen;68,50;;;;
V;374702;;;1-Fas Armaturer/Tillbehör SG;55,00;;;;
V;374703;;;1-Fas Armaturer/Tillbehör SG I;65,00;;;;
V;374708;;;LED Downlight/Tillbehör SG;76,80;;;;
V;374709;;;LED Downlight/Tillbehör SG I;57,50;;;;
V;374710;;;LED Mini Downlight SG;61,00;;;;
V;374712;;;LED Mini Downlight SG I;56,80;;;;
V;374725;;;Downligt Nokalux;51,88;;;;
V;374750;;;Downlight Westal;51,00;;;;
V;374761;;;Trafo Tufvasson Tesch;68,17;;;;
V;374770;;;Downlight Tylö;53,69;;;;
V;374800;;;Downlight Tbh Westal;62,42;;;;
V;374850;;;Downlight Bright ELKO;47,80;;;;
V;374961;;;SOLAR LIGHT Down,SpotLIGHT,Kont.Skenor I;45,00;;;;
V;374962;;;SOLAR LIGHT Down, Spot, Kont.Skenor II;45,00;;;;
V;374971;;;SOLAR LIGHT Down,Spot, Kont.Skenor I;45,00;;;;
V;374972;;;SOLAR LIGHT Down,Spot, Kont.Skenor II;45,00;;;;
V;374994;;;Netto Ljus 74;50,00;;;;
V;374995;;;Solar Plus;50,00;;;;
V;375100;;;Allmänbruksaramturer Ifö I;60,50;;;;
V;375102;;;Allmänbruksaramturer Ifö II;58,74;;;;
V;375104;;;ArmaturTbh IFÖ;55,56;;;;
V;375106;;;Tak/väggarmaturer IFÖ;59,69;;;;
V;375200;;;Allmänbruksarmaturer Ensto;64,01;;;;
V;375205;;;Tak/vägg armaturer Ensto;53,88;;;;
V;375250;;;Allmänbruksarmaturer Karl H Ström;63,13;;;;
V;375310;;;Interiör Plejd;64,78;;;;
V;375350;;;Allmänbruksarmaturer Hide-A-Light;65,82;;;;
V;375352;;;Plafond Moon Hide-A-Lite X;68,28;;;;
V;375353;;;LEDstrip armaturer Hide-A-Light;59,02;;;;
V;375357;;;Tak/väggarmaturer Hide-A-Lite;59,50;;;;
V;375400;;;Allmänbruksaramturer Osram;67,40;;;;
V;375420;;;Allmänbruksarmatur Signify;34,69;;;;
V;375430;;;Informationsskyltar Ledolight;47,29;;;;
V;375460;;;Allmänbruksarmaturer Maxel;58,16;;;;
V;375510;;;Allmänbruksarmaturer Amiga;39,80;;;;
V;375550;;;Allmänbruksaramturer Nokalux;59,38;;;;
V;375553;;;Tak/väggarmaturer Nokalux;53,86;;;;
V;375560;;;Allmänbruksarmaturer DesignLight;41,50;;;;
V;375620;;;Allmänbruksarmaturer Proton;61,89;;;;
V;375699;;;Linjärt samt Tbh Sg Armaturen X;65,50;;;;
V;375700;;;Linjärt samt Tbh Sg Armaturen;63,40;;;;
V;375730;;;Tak/ Väggarmaturer SG armaturen;63,00;;;;
V;375731;;;Tak/ Väggarmaturer SG armaturen II;56,34;;;;
V;375733;;;Bänkarmatur SG armaturen X;67,20;;;;
V;375734;;;Bänkarmatur Chef SG armaturen;65,00;;;;
V;375735;;;Bänkarmatur SG armaturen II;57,50;;;;
V;375736;;;Väggarmatur SG armaturen;62,00;;;;
V;375738;;;Väggarmatur SG armaturen II;53,53;;;;
V;375790;;;Bastubelysning samt Ledlister Tylö;53,69;;;;
V;375840;;;Allmänbruksarmaturer Westal;54,50;;;;
V;375842;;;Tak/väggarmaturer Westal X;55,00;;;;
V;375843;;;Tak/väggarmaturer Westal;55,04;;;;
V;375850;;;Allmänbruksarmaturer Sunnex;64,91;;;;
V;375870;;;Arbetsplatsbelysning Armatur Garo Elflex;57,55;;;;
V;375961;;;LIGHT Allmänbruksarmaturer I;45,00;;;;
V;375962;;;SOLAR LIGHT Allmänbruksarmaturer II;45,00;;;;
V;375971;;;SOLAR LIGHT Allmänbruksarmaturer I;45,00;;;;
V;375972;;;SOLAR LIGHT Allmänbruksarmaturer II;45,00;;;;
V;375994;;;Netto Ljus 75;50,00;;;;
V;375995;;;Solar Plus;50,00;;;;
V;376100;;;Tillfällig belysning Designlight;50,00;;;;
V;376110;;;Tillfällig belysning Ledvance;44,90;;;;
V;376120;;;Tillfällig belysning Garo;41,12;;;;
V;376130;;;Arbetsplatsbelysning Amiga;36,94;;;;
V;376994;;;Solar Netto;50,00;;;;
V;377100;;;Ytterbelysning Norlys I;58,26;;;;
V;377101;;;Utomhusarmaturer Norlys;57,30;;;;
V;377102;;;Ytterbelysning Norlys II;56,00;;;;
V;377104;;;Tbh Norlys;52,00;;;;
V;377106;;;Rörarmar ochTbh Norlys;57,50;;;;
V;377300;;;Gatljus Philips;54,94;;;;
V;377306;;;Utomhusarmatur Philips II;54,97;;;;
V;377400;;;Strålkastare Scan Interlight;60,57;;;;
V;377401;;;Strålkastare Scan Interlight I;69,22;;;;
V;377402;;;Utomhusbelysning Scan Interlight;58,36;;;;
V;377404;;;Ytterbelysning Scan Interlight;53,89;;;;
V;377406;;;Stolpar och Fundament Scan Interlight;45,41;;;;
V;377500;;;Utomhusarmatur  Hide-A-Lite;62,42;;;;
V;377501;;;Utomhusarmatur Hide-A-Lite X;60,50;;;;
V;377505;;;Strålkastare Amiga;50,00;;;;
V;377555;;;Utomhusarmaturer Nokalux;54,47;;;;
V;377570;;;Rörarmar ochTbh Amv;69,67;;;;
V;377600;;;Utomhusarmaturer Candelux;58,87;;;;
V;377610;;;Exteriörarmaturer DesignLight;42,50;;;;
V;377642;;;Rörarmar ochTbh El-Be;60,26;;;;
V;377644;;;Utomhusarmaturer El-Be;58,80;;;;
V;377660;;;Utomhusarmatur Ensto;54,39;;;;
V;377662;;;Stolpsäk. och Driftdon Ensto;50,59;;;;
V;377680;;;Strålkastare Esylux;52,99;;;;
V;377685;;;Led Strålkastare Esylux;53,32;;;;
V;377690;;;Utomhus Esylux;49,70;;;;
V;377700;;;Stolpsäk. och Driftdon Fingal J;51,10;;;;
V;377702;;;Rörarmar ochTbh Fingal J;52,99;;;;
V;377704;;;Utomhusarmatur Urladdning Fingal J;48,98;;;;
V;377780;;;Utomhusarmatur Kamic;52,72;;;;
V;377800;;;Utomhusarmaturer Karl H Ström;64,14;;;;
V;377802;;;Strålkastare Karl H Ström;61,04;;;;
V;377806;;;Utomhusarmatur Karl H Ström;46,60;;;;
V;377840;;;Utomhusarmatur K-Smide;58,90;;;;
V;377870;;;Arbetsplatsbelysning Stativ Garo Elflex;50,89;;;;
V;377880;;;Utomhusarmatur Maxel;49,20;;;;
V;377905;;;Exteriörarmaturer Ledvance;68,52;;;;
V;377915;;;Outdoor Plejd;64,60;;;;
V;377929;;;Utomhusarmaturer Sg Armaturen X;70,20;;;;
V;377930;;;Utomhusarmaturer Sg Armaturen;69,90;;;;
V;377935;;;Utomhusarmaturer SG I;60,86;;;;
V;377945;;;Utomhusarmaturer Westal;52,50;;;;
V;377947;;;Utomhusarmaturer Westal I;55,00;;;;
V;377950;;;Utomhusarmaturer Proton;63,22;;;;
V;377961;;;SOLAR LIGHT Exteriörarm,Stolpar, Funda I;45,00;;;;
V;377962;;;SOLAR LIGHT Exteriörarm, Stolp, Funda II;45,00;;;;
V;377971;;;SOLAR LIGHT Exteriör, Stolpar, Funda I;45,00;;;;
V;377972;;;SOLAR LIGHT Exteriör, Stolpar, Funda II;45,00;;;;
V;377994;;;Netto Ljus 77;50,00;;;;
V;377995;;;Solar PLUS;50,00;;;;
V;379100;;;Driftdon och Startapp. Ledvance;72,99;;;;
V;379102;;;Starters Ledvance;68,67;;;;
V;379120;;;Ljusstyrning Ledvance;59,20;;;;
V;379200;;;Starters Philips;65,64;;;;
V;379202;;;ArmaturTbh Philips;64,74;;;;
V;379210;;;Armaturtillbehör Amiga;40,00;;;;
V;379300;;;Driftdon Och Startapp. Helvar;72,99;;;;
V;379400;;;Lamp och Lysrörshållare Candelux;75,16;;;;
V;379402;;;Driftdon och Startapp Candelux;68,89;;;;
V;379404;;;ArmaturTbh Candelux;67,54;;;;
V;379460;;;Glober och Glas El-Be;62,40;;;;
V;379462;;;Lamp och Lysrörshållare El-Be;73,29;;;;
V;379490;;;Drivdon Designlight;69,50;;;;
V;379500;;;Belysningstrafo I Hide-A-Lite;59,00;;;;
V;379501;;;Drivdon SG;48,15;;;;
V;379502;;;Armatur Tillbehör Hide-A-Lite;76,00;;;;
V;379503;;;Belysningstransfo II Hide-A-Lite;65,36;;;;
V;379505;;;Tillbehör  Hide-A-Lite;71,50;;;;
V;379510;;;Drivdon LED SG;77,20;;;;
V;379550;;;Drivdon Maxel;61,60;;;;
V;379560;;;Glober och Glas Elektroglas;67,49;;;;
V;379570;;;Drivdon Vadsbo;69,00;;;;
V;379680;;;Tillbehör Westal;51,00;;;;
V;379700;;;Glober och Glas Ifö Electric;67,72;;;;
V;379702;;;Lamp och Lysrörshållare Ifö Electric;74,64;;;;
V;379705;;;Tillbehör IFÖ;54,38;;;;
V;379760;;;Skyddsrumsbyglar Karl H Ström;80,61;;;;
V;379762;;;Glober och Glas Karl H Ström;63,57;;;;
V;379770;;;Moduler Niko Servodan;56,44;;;;
V;379790;;;Tillbehör Norlys;58,26;;;;
V;379800;;;ArmaturTbh Nokalux;64,77;;;;
V;379801;;;Tillbehör Nokalux;55,22;;;;
V;379802;;;ArmaturTbh Exaktor;60,07;;;;
V;379805;;;Tillbehör Proton;58,70;;;;
V;379830;;;Tillbehör Legrand;57,70;;;;
V;379850;;;Drivers Plejd;64,00;;;;
V;379870;;;Arbetsplatsbelysning Tbh Garo Elflex;45,64;;;;
V;379880;;;ArmaturTbh Walgraven;69,76;;;;
V;379920;;;Glober och Glas Westal;64,38;;;;
V;379961;;;SOLAR LIGHT Tbh Belysningsarmaturer I;45,00;;;;
V;379962;;;SOLAR LIGHT Tbh Belysningsarmaturer II;45,00;;;;
V;379971;;;SOLAR LIGHT Tbh Belysningsarm II;45,00;;;;
V;379972;;;SOLAR LIGHT Tbh Belysningsarm I;45,00;;;;
V;379994;;;Netto Ljus 79;50,00;;;;
V;379995;;;Solar Plus;50,00;;;;
V;381150;;;Utbyteskit Westal;36,73;;;;
V;381160;;;Retrofit LED Proton;50,00;;;;
V;381170;;;Retrofit LED Ledvance;45,92;;;;
V;382102;;;LED Ljuskälla Ledvance II;66,28;;;;
V;382202;;;LED Ljuskälla Philips II;63,31;;;;
V;382600;;;Ledljuskälla Övrigt;66,18;;;;
V;382994;;;Netto Ljus 82;50,00;;;;
V;382995;;;Solar Plus;50,00;;;;
V;383140;;;Halogen Ledvance;64,64;;;;
V;383142;;;Lågvoltshalogen Ledvance;59,44;;;;
V;383150;;;Glödljus Ledvance;62,98;;;;
V;383160;;;Metallhalogen Ledvance;64,00;;;;
V;383164;;;Natrium Ledvance;61,81;;;;
V;383170;;;Signal/Speciallampor;62,91;;;;
V;383180;;;Övriga Ljuskällor;70,23;;;;
V;383204;;;Lysrör Fullfärg T5 Philips II;67,13;;;;
V;383206;;;Lysrör Fullfärg Std Philips I;65,45;;;;
V;383208;;;Lysrör Fullfärg Std Philips II;63,85;;;;
V;383240;;;Halogen Philips;60,33;;;;
V;383252;;;Glödljus Philips II;65,09;;;;
V;383260;;;Metallhalogen Philips;60,06;;;;
V;383264;;;Natrium Philips;62,78;;;;
V;383266;;;Metallhalogen Övriga Philips;67,33;;;;
V;383400;;;Övriga Ljuskällor Narva;59,34;;;;
V;383500;;;Led ID =S=;64,10;;;;
V;383502;;;Övriga Ljuskällor ID =S=;60,51;;;;
V;383994;;;Netto Ljus 83;50,00;;;;
V;383995;;;Solar Plus;50,00;;;;
V;385102;;;Termostater Devi II;70,00;;;;
V;385104;;;Termostater Devi III;64,99;;;;
V;385110;;;VärmekabelTbh Devi;67,80;;;;
V;385200;;;Radiatorer Dimplex;60,50;;;;
V;385202;;;Radiatorer Nobö (Dimplex);68,76;;;;
V;385204;;;RadiatorerTbh Nobö (Dimplex);66,00;;;;
V;385210;;;RadiatorerTbh Dimplex;58,00;;;;
V;385212;;;Glasfront radiator Nobö Dimplex;52,94;;;;
V;385214;;;Termostater Dimplex;41,84;;;;
V;385300;;;Termostater Ptm AB AD nVent;61,67;;;;
V;385302;;;Termostater Ptm AA nVent;60,00;;;;
V;385320;;;Termostater elektr. Calectro;48,98;;;;
V;385400;;;Fläktradiatorer Frico;66,09;;;;
V;385402;;;Strålvärmare Frico;58,54;;;;
V;385404;;;Värme OchTbh Frico;57,00;;;;
V;385406;;;Termostater OchTbh Frico;57,00;;;;
V;385500;;;Panelradiatorer LVI I;60,98;;;;
V;385501;;;Panelradiatorer LVI X;62,58;;;;
V;385502;;;Panelradiatorer LVI II;60,00;;;;
V;385506;;;Dekorativa radiatorer LVI;57,24;;;;
V;385510;;;Termostater LVI;66,00;;;;
V;385520;;;Tbh LVI;54,41;;;;
V;385610;;;Termostater & Sensorer Theben;48,98;;;;
V;385650;;;Radiatorer Adax;62,00;;;;
V;385670;;;Termostater Ebeco;67,74;;;;
V;385672;;;Givare industri Ebeco;36,73;;;;
V;385676;;;Elradiatorer Ebeco;38,00;;;;
V;385700;;;Termostater Exxact H1 =S=;66,00;;;;
V;385702;;;Termostater Renova H1 =S=;69,85;;;;
V;385706;;;Termostater Wiser H5 =S=;57,00;;;;
V;385800;;;Termostater Plus 44 Elko;65,53;;;;
V;385802;;;Termostater RS 49 Elko;65,53;;;;
V;385806;;;Termostater RS Renvit I 58 Elko;59,44;;;;
V;385808;;;TERMOSTAT RG36 ELKO;56,09;;;;
V;385850;;;KNX Tempgivare Hager;39,89;;;;
V;385900;;;Radiatorer Pax;58,91;;;;
V;385910;;;Termostater ABB;54,73;;;;
V;385912;;;Termostater Saga ABB;53,06;;;;
V;385920;;;Controller EQON;31,63;;;;
V;385930;;;Termostater Plejd;58,00;;;;
V;385990;;;Solar Plus Termostater;50,00;;;;
V;385994;;;Solar Netto;50,00;;;;
V;385995;;;Solar Plus;50,00;;;;
V;387100;;;Ridåfläktar Frico I;62,78;;;;
V;387102;;;RidåfläktarTbh Frico;62,87;;;;
V;387104;;;Ridåfläktar Frico II;59,78;;;;
V;387106;;;Värmefläktar Frico;61,55;;;;
V;387108;;;VärmefläktarTbh, Frico;60,53;;;;
V;387200;;;Värmefläktar Elbjörn;55,86;;;;
V;387500;;;Avfuktare  Fresh;17,13;;;;
V;387990;;;Solar Plus Värmefläktar;50,00;;;;
V;387994;;;Solar Netto;50,00;;;;
V;387995;;;Solar Plus;50,00;;;;
V;388100;;;Elberedare Nibe I;27,62;;;;
V;388102;;;Elberedare Nibe II;30,33;;;;
V;388104;;;Elpatroner O Elutr Nibe;41,59;;;;
V;388106;;;Elpatroner o Elutrustning NIBE;44,94;;;;
V;388108;;;Luftfilter Nibe;47,71;;;;
V;388994;;;Solar Netto;50,00;;;;
V;388995;;;Solar Plus;50,00;;;;
V;389100;;;Värmekabel T2Blå PTM;62,18;;;;
V;389102;;;Värmekabel T2Röd PTM;60,50;;;;
V;389104;;;Värmekabel Tak PTM;62,00;;;;
V;389105;;;Värmekabel T2Black nVent;59,00;;;;
V;389106;;;Värmekabel Rör I  PTM;65,50;;;;
V;389108;;;Värmekabel Rör II PTM;58,40;;;;
V;389110;;;Värmekabel Qnet PTM;59,00;;;;
V;389112;;;Värmekabel Mark PTM;65,00;;;;
V;389116;;;Värmekabel Ind. PTM;65,77;;;;
V;389118;;;Värmekabel IndTbh, Ptm;60,29;;;;
V;389130;;;Värmekabel TakTbh, Ptm;61,18;;;;
V;389132;;;VärmekabelTbh, Ptm;58,06;;;;
V;389134;;;Värmekabel T2Blå+ 7W  Chemelex (Nvent);29,59;;;;
V;389136;;;Värmekabel T2Blå+ 12W  Chemelex (Nvent);29,59;;;;
V;389200;;;Värmekabel Devikit 100 Devi;64,00;;;;
V;389204;;;Värmekabel Devimat Devi;61,79;;;;
V;389206;;;Värmekabel Devi;63,28;;;;
V;389208;;;Värmekabel Deviflex Devi;65,00;;;;
V;389212;;;Värmekabel Devisnow Devi;60,78;;;;
V;389230;;;VärmekabelTbh Devi I;64,32;;;;
V;389232;;;VärmekabelTbh Devi II;66,54;;;;
V;389300;;;Värmekabel Axjo;56,54;;;;
V;389400;;;Cable Kit 200 Ebeco;61,00;;;;
V;389402;;;Cable Kit 500 Ebeco;63,23;;;;
V;389404;;;Folie Ebeco;59,50;;;;
V;389406;;;Thermoflex Ebeco;59,00;;;;
V;389408;;;Tillbehör golvvärmekabel Ebeco;63,50;;;;
V;389410;;;Tillbehör folie Ebeco;64,00;;;;
V;389412;;;Cableflex Ebeco;62,47;;;;
V;389414;;;Multiflex Ebeco;63,00;;;;
V;389416;;;Frostskydd Tak  Ebeco;65,00;;;;
V;389418;;;Frostvakt 10 Ebeco;65,06;;;;
V;389419;;;F-10 Ebeco;68,00;;;;
V;389420;;;Tillbehör tak och mark Ebeco;59,48;;;;
V;389422;;;Frostvakt 25 Ebeco;64,00;;;;
V;389426;;;Folie husvagn Ebeco;50,35;;;;
V;389427;;;Takfolie Ebeco;54,00;;;;
V;389428;;;Spegelvärmare Ebeco;50,35;;;;
V;389430;;;Betonghärdning Ebeco;45,41;;;;
V;389432;;;Multimat Ebeco;45,41;;;;
V;389434;;;Tjältining Ebeco;45,41;;;;
V;389436;;;Värmekabel industri Ebeco;36,73;;;;
V;389438;;;Värmekabel industri tillbehör Ebeco;36,73;;;;
V;389994;;;Solar Netto;50,00;;;;
V;389995;;;Solar Plus;50,00;;;;
V;390100;;;Köksfläktar Futurum;52,57;;;;
V;390150;;;Luftkonditionering Thermex Scandinavia;38,37;;;;
V;390994;;;Solar Netto;50,00;;;;
V;393100;;;Fläktar Pax;53,50;;;;
V;393200;;;Intellivent Fresh;55,55;;;;
V;393202;;;Fläktar ochTbh Fresh;46,57;;;;
V;393204;;;Tillbehör väggventiler Fresh;54,88;;;;
V;393300;;;Aggregat ochTbh Tylö;53,69;;;;
V;393994;;;Solar Netto;50,00;;;;
V;393995;;;Solar Plus;50,00;;;;
V;394100;;;Handdukstorkar Somatherm;47,46;;;;
V;394105;;;Handtork Somatherm;60,99;;;;
V;394200;;;Handdukstorkar LVI I;52,74;;;;
V;394202;;;Handdukstorkar LVI II;51,27;;;;
V;394300;;;Handdukstorkar Pax;62,79;;;;
V;394320;;;Dispenser PAX;65,24;;;;
V;394401;;;Säsongsprodukter S2 Ledvance;44,90;;;;
V;394408;;;Ficklampor Ptx;46,82;;;;
V;394420;;;Säsongsprodukter S2 Narva;50,51;;;;
V;394500;;;Värmefläktar Adax;59,09;;;;
V;394550;;;Centraldammsugare CDS;50,76;;;;
V;394600;;;Centraldammsugare Flexit;40,06;;;;
V;394630;;;Brandvarnare;53,43;;;;
V;394700;;;Batterier ochTbh Pointex;41,46;;;;
V;394800;;;Hand och Hårtorkar Top Industri;51,81;;;;
V;394990;;;Solar Plus;50,00;;;;
V;394994;;;Solar Netto;50,00;;;;
V;394995;;;Solar Plus;50,00;;;;
V;397120;;;X-Guard I S Axelent;37,17;;;;
V;397125;;;X-Guard tbh I T Axelent;38,38;;;;
V;397931;;;Subc 97-nummer II 2599;75,79;;;;
V;397994;;;Solar Netto;50,00;;;;
V;399994;;;Solar Netto;50,00;;;;
V;401100;;;Jet-Kopplingar Ma Gbg Rör;52,65;;;;
V;401201;;;SML Gjutjärnsavlopp Rör Preis;41,14;;;;
V;401202;;;SML Gjutjärnsavlopp Rördelar;41,14;;;;
V;401203;;;SML Gjutjärnsavlopp Kopplingar;40,91;;;;
V;401992;;;Gjutjärnsavlopp Kopplingar;60,00;;;;
V;401994;;;Solar Netto;50,00;;;;
V;402100;;;Elförzinkade Rör Mapress Geberit;70,45;;;;
V;402102;;;Pressrördelar Fz Geberit I;60,24;;;;
V;402104;;;Pressrördelar Fz Geberit II;59,69;;;;
V;402108;;;Elfz Rör Supersize Ma Geberit;71,96;;;;
V;402110;;;Pressrördelar Elfz Supersize Geberit;61,02;;;;
V;402114;;;Mapress Rf Delar Geberit;70,57;;;;
V;402264;;;RF Pressrördelar Sanha;49,12;;;;
V;402300;;;Reparationskoppling MMA;65,01;;;;
V;402500;;;Tubrör Handelskval. Halltorp;59,95;;;;
V;402502;;;Tubrör Tryckkärlkv. Halltorp;64,19;;;;
V;402504;;;Rör Smidda Galv Ruukki;51,07;;;;
V;402506;;;Tubkrökar Halltorp;58,43;;;;
V;402510;;;Övriga Tubrördelar Halltorp;53,62;;;;
V;402512;;;Svetsfläns Halltorp;63,59;;;;
V;402514;;;Gängfläns Halltorp;62,33;;;;
V;402518;;;Smidda Rördelar Halltorp;58,90;;;;
V;402520;;;Aducerade Rördelar Halltorp;54,03;;;;
V;402710;;;Rostfritt Avlopp Rör Blücher;36,36;;;;
V;402712;;;Rostfritt Avlopp Rördelar Blücher;35,87;;;;
V;402800;;;Blårör Halltorp;47,89;;;;
V;402890;;;Temponox rör Viega;27,84;;;;
V;402892;;;Viega temponox delar Viega;27,84;;;;
V;402901;;;Viega Megapress;37,62;;;;
V;402903;;;Elförzinkad Press typ V Viega;63,03;;;;
V;402904;;;T-Plus För Stålrör Flamco;56,24;;;;
V;402908;;;Klamsvep Press Fz G Ahlman;79,90;;;;
V;402912;;;Flänspackning;66,32;;;;
V;402990;;;Solar Plus Fzb Rör;60,00;;;;
V;402991;;;Solar Plus Fzb Delar;60,00;;;;
V;402992;;;Solar Plus Rf Rör;60,00;;;;
V;402993;;;Solar Plus Rf Delar;60,00;;;;
V;402994;;;Solar Netto;50,00;;;;
V;402995;;;Solar Plus;60,00;;;;
V;403100;;;Kopparrör Raka Cupori I;55,20;;;;
V;403102;;;Kopparrör Raka Cupori II;51,48;;;;
V;403104;;;Prisolrör Cupori I;34,40;;;;
V;403106;;;Prisolrör Cupori II;41,20;;;;
V;403108;;;Tub-E White Cu-Rör Cupori;60,64;;;;
V;403200;;;Vatette Kl.Kpl Gbg Vvs I;65,09;;;;
V;403202;;;Vatette Kl.Kpl Gbg Vvs II;67,77;;;;
V;403204;;;Vatette Kl.Kpl Gbg Vvs III;66,89;;;;
V;403205;;;Vatette Kl.Kpl.Fkr Gbg Vvs X;67,77;;;;
V;403206;;;Vatette Kl.Kpl.Fkr Gbg Vvs;65,16;;;;
V;403300;;;Pressrördelar Cu M Geberit I;56,05;;;;
V;403302;;;Pressrördelar Cu M Geberit II;56,63;;;;
V;403304;;;Pressrördelar Cu M Supersize Geberit;59,70;;;;
V;403500;;;Klämringskopplingar VSH I;78,45;;;;
V;403502;;;Klämringskopplingar VSH II;77,32;;;;
V;403552;;;CU Pressrördelar 2 Sanha;47,29;;;;
V;403554;;;CU Tillbehör Press Sanha;33,32;;;;
V;403604;;;Kl.Kpl.Conex LK;36,00;;;;
V;403700;;;Solar Plus Metallrördelar I Ezze;53,86;;;;
V;403702;;;Solar Plus Metallrördelar II Ezze;53,86;;;;
V;403704;;;Stödhylsor För Cu-Rör Ezze;63,21;;;;
V;403706;;;Halvkopplingar-Krk Ezze;55,86;;;;
V;403800;;;Halvkopplingar Broen;50,26;;;;
V;403802;;;Kl. Kpl. Kuterlite Broen;59,94;;;;
V;403804;;;Klämring Till Kulventil Ballofix Broen;25,01;;;;
V;403900;;;Fkr Kopparrör Purus;42,40;;;;
V;403901;;;Fkr Kopparrör Purus X;48,34;;;;
V;403902;;;Klämringskopplingar FPL TA;52,18;;;;
V;403904;;;Kapillärrördelar Halltorp;66,98;;;;
V;403905;;;Koppardelar Hårdlöd Halltorp;60,27;;;;
V;403916;;;Halvkopplingar Markaryd;52,87;;;;
V;403924;;;CU T-plus för CU Flamco;60,13;;;;
V;403926;;;Svets och Lödning Tubman;50,64;;;;
V;403930;;;Pressrördelar CU typ V Viega I;61,82;;;;
V;403931;;;Pressrördelar CU typ V Viega X;64,35;;;;
V;403932;;;Pressrördelar CU typ V Viega II;61,54;;;;
V;403990;;;Solar Plus CU Press I;60,00;;;;
V;403991;;;Solar Plus CU Press II;60,00;;;;
V;403992;;;Solar Plus CU Press Fkr;60,00;;;;
V;403994;;;Solar Netto;50,00;;;;
V;403995;;;Solar Plus;60,00;;;;
V;403997;;;Anskaffningsmateriel AVC;30,00;;;;
V;404110;;;Golvvärme rör LK I;50,05;;;;
V;404112;;;Golvvärme rör LK II;49,44;;;;
V;404114;;;PAL rör LK I;47,14;;;;
V;404116;;;PAL rör LK II;47,14;;;;
V;404118;;;Universal rör LK I;47,02;;;;
V;404120;;;Universal rör LK II;46,17;;;;
V;404122;;;Golvvärme Fördelare LK;45,16;;;;
V;404124;;;Golvvärme förläggning LK I;45,45;;;;
V;404126;;;Golvvärme förläggning LK II;44,05;;;;
V;404128;;;Golvvärme kopplingar LK I ;42,98;;;;
V;404130;;;Golvvärme kopplingar LK II;48,50;;;;
V;404132;;;Golvvärme reglering LK I;48,59;;;;
V;404134;;;Golvvärme reglering LK II;43,69;;;;
V;404136;;;Golvvärme skåp LK I;43,84;;;;
V;404138;;;Golvvärme skåp LK II;45,82;;;;
V;404140;;;Golvvärme Tillbehör LK;48,50;;;;
V;404142;;;Pushfit Fördelare LK;36,26;;;;
V;404144;;;Pushfit Förläggning LK;31,03;;;;
V;404146;;;Pushfit Kopplingar LK;40,59;;;;
V;404150;;;Pushfit Skåp LK;47,81;;;;
V;404152;;;Pushfit Tillbehör LK;29,03;;;;
V;404154;;;Universal Fördelare LK I;58,07;;;;
V;404156;;;Universal Fördelare LK II;58,23;;;;
V;404158;;;Universal förläggning LK I          ;58,55;;;;
V;404160;;;Universal förläggning LK II           ;59,41;;;;
V;404162;;;Universal Skåp LK I;59,30;;;;
V;404164;;;Universal Skåp LK II;62,67;;;;
V;404166;;;Universal Tillbehör LK;59,03;;;;
V;404168;;;Universal/PAL kopplingar LK I  ;57,86;;;;
V;404170;;;Universal/PAL Kopplingar LK II;58,10;;;;
V;404208;;;Tomrör För PEX-Rör Uponor;54,80;;;;
V;404212;;;Tappvattenrör Uponor II;61,63;;;;
V;404214;;;Universalrör Uponor I;62,91;;;;
V;404216;;;Universalrör Uponor II;56,87;;;;
V;404218;;;MLC rör Uponor I;41,22;;;;
V;404220;;;MLC rör Uponor II;62,29;;;;
V;404222;;;Golvvärme/Värmerör Uponor I;61,79;;;;
V;404224;;;Golvvärme/Värmerör Uponor II;54,51;;;;
V;404226;;;Metallic Rör Uponor;43,66;;;;
V;404228;;;Golvvärme Förläggmatrial Uponor;43,10;;;;
V;404230;;;Golvvärme Montagematerial Uponor;42,45;;;;
V;404232;;;Golvvärme Regleringsmaterial Uponor;42,86;;;;
V;404234;;;Tappvatten montage material Uponor I;53,28;;;;
V;404236;;;Tappvatten montage material Uponor II;55,73;;;;
V;404238;;;Universal montage material Uponor I;58,18;;;;
V;404240;;;Universal montage material Uponor II;54,02;;;;
V;404246;;;Kulvert montage material Uponor;55,11;;;;
V;404502;;;PEM-Rör Pipelife II;72,49;;;;
V;404600;;;Plaströrskoppling PRK TA I;48,78;;;;
V;404602;;;Plaströrskoppling PRK TA II;48,24;;;;
V;404700;;;Vatette Plastkopplingsset Gbg Vvs;61,06;;;;
V;404702;;;Plaströrskoppling Vatette Gbg Vvs;56,45;;;;
V;404880;;;Solar Plus PE tryckrör/slang;60,00;;;;
V;404900;;;Tryckrör Pvs GPA;49,72;;;;
V;404902;;;Tryckrördelar Pvc GPA;57,76;;;;
V;404904;;;Lim och Smörjmedel Henkel;58,66;;;;
V;404906;;;Anborrningsbygel GPA;47,96;;;;
V;404920;;;Stödhylsor För PEX-Rör Ezze;72,49;;;;
V;404970;;;Köldbärarvätska;25,84;;;;
V;404986;;;Smartpress Rör II Viega;53,98;;;;
V;404988;;;Smartpress rördelar II Viega;52,84;;;;
V;404990;;;Solar Plus Smartpress rör I Viega;60,00;;;;
V;404992;;;Solar Plus Smartpress rördelar I Viega;60,00;;;;
V;404994;;;Solar Netto;50,00;;;;
V;404995;;;Solar Plus;60,00;;;;
V;404997;;;Anskaffningsmateriel AVC;30,00;;;;
V;405104;;;Avloppsdelar PP Pipelife;75,17;;;;
V;405118;;;Markrördelar PP Pipelife;73,69;;;;
V;405210;;;Avloppsdelar Inomhus PP Uponor;66,89;;;;
V;405300;;;Avl.Rör PP Faluplast;44,80;;;;
V;405302;;;Vulk-Gumminipplar Faluplast;55,67;;;;
V;405304;;;Vacuumvent.F Avlopp Faluplast;45,25;;;;
V;405400;;;Avloppsrör Purus;36,08;;;;
V;405402;;;Avloppsrördelar Purus;45,14;;;;
V;405404;;;Gumminipplar Purus II;50,52;;;;
V;405406;;;Vacuumventiler Avlopp Purus I;27,64;;;;
V;405600;;;Wc-Stos Jafo;55,24;;;;
V;405602;;;Vacuumventil Jafo;31,05;;;;
V;405700;;;Överg.Koppl Fernco Ibeco;58,69;;;;
V;405800;;;Brandtätning Stål & Brand;47,85;;;;
V;405900;;;Markeringslock Ekå;39,74;;;;
V;405906;;;Avloppsrör silent Geberit;57,12;;;;
V;405908;;;Avloppsrördelar silent Geberit;53,22;;;;
V;405910;;;Avloppsrör Silent Pro Geberit;57,09;;;;
V;405911;;;Avloppsdelar Silent Pro Geberit;44,82;;;;
V;405980;;;Solar Plus PP Markrör;60,00;;;;
V;405982;;;Solar Plus Markdelar;60,00;;;;
V;405990;;;Solar Plus PP Rör I;60,00;;;;
V;405991;;;Solar Plus PP Rör II;60,00;;;;
V;405992;;;Solar Plus PP Delar I;60,00;;;;
V;405993;;;Solar Plus PP Delar II;60,00;;;;
V;405994;;;Solar Netto;50,00;;;;
V;405995;;;Solar Plus;60,00;;;;
V;405997;;;Anskaffningsmateriel AVC;30,00;;;;
V;406990;;;Solar Plus Dräneringsrör;60,00;;;;
V;406991;;;Solar Plus Drändelar;60,00;;;;
V;406992;;;Solar Plus Vägtrummor;60,00;;;;
V;406993;;;Solar Plus Fiberduk;60,00;;;;
V;406994;;;Solar Netto;50,00;;;;
V;406995;;;Solar Plus;60,00;;;;
V;406997;;;Anskaffningsmateriel AVC;30,00;;;;
V;407100;;;Isolering OTbh Nmc;66,80;;;;
V;407102;;;Isolering Tbh Nmc;68,07;;;;
V;407200;;;Isolering Isover Profisol;61,70;;;;
V;407202;;;Ytbeklänad Isogenopak Profisol;50,63;;;;
V;407300;;;Täckbrickor Faluplast;49,64;;;;
V;407302;;;Brickor Faluplast;59,02;;;;
V;407304;;;Rörklammer Faluplast;61,39;;;;
V;407400;;;Klammor, Pro Clamp Snap Kruge;69,55;;;;
V;407402;;;MontageTbh, Montageband Kruge;62,74;;;;
V;407404;;;Klammor, Markrsvep Kruge;65,05;;;;
V;407406;;;Klammor, Kylskålar Kruge;64,97;;;;
V;407408;;;Klammor, Valvstöd Kruge;60,72;;;;
V;407410;;;Klammor, Rundjärnsbygel Kruge;62,17;;;;
V;407412;;;Klammor, Övriga Kruge;57,38;;;;
V;407414;;;Klammor, Duo Clamp Kruge;68,07;;;;
V;407416;;;Fästmaterial, Bladskruv Kruge;56,91;;;;
V;407418;;;Fästmaterial, Pendlar Kruge;56,91;;;;
V;407420;;;Fästmaterial, Skruvstift Kruge;67,35;;;;
V;407424;;;Fästmaterial, VVS-Skruv Kruge;60,15;;;;
V;407426;;;MontageTbh, Syskonklammor Kruge;62,78;;;;
V;407428;;;Montagedetaljer, Balkklammer Kruge;63,51;;;;
V;407430;;;MontageTbh, Bladhylsa Kruge;59,61;;;;
V;407432;;;MontageTbh, L- & Z-järn Kruge;61,59;;;;
V;407434;;;Montagedetaljer, Övriga Kruge;63,31;;;;
V;407436;;;MontageTbh, Gängstång Kruge;65,51;;;;
V;407438;;;Skensystem, Pendelfäste Kruge;66,43;;;;
V;407440;;;Skensystem Pressix CC 41 Kruge;55,55;;;;
V;407442;;;Skensystem, Pendelkonsol Kruge;65,32;;;;
V;407444;;;Skensystem Framo 80 Kruge;55,96;;;;
V;407446;;;Skensystem Pressix CC 27 Kruge;63,89;;;;
V;407448;;;Plastprodukter, DC-brickor Kruge;50,17;;;;
V;407500;;;Kemtekniska prod. Henkel;43,72;;;;
V;407502;;;Tätningsmatrial Lundgrens;61,78;;;;
V;407600;;;'Skruv och fästmaterial Kruge;60,15;;;;
V;407602;;;Fästmaterial MEA;65,84;;;;
V;407604;;;Kemiprodukter Sika;61,54;;;;
V;407700;;;Förbrukningsmaterial Unipak;61,30;;;;
V;407702;;;Reservdelar Blandar Unipak;67,60;;;;
V;407800;;;Rörklammer Purus II;43,12;;;;
V;407900;;;Radontätning Wideco;58,41;;;;
V;407904;;;Klamsvep FFZV Gunnar A;64,00;;;;
V;407906;;;Rörklammer Rörklammerfabriken;56,91;;;;
V;407908;;;Klamsvep CU Gunnar A;62,74;;;;
V;407910;;;Klamsvep RFR Gunnar A;56,42;;;;
V;407912;;;Tryckrörsklammer GPA;60,38;;;;
V;407914;;;Tätning Locher;63,89;;;;
V;407918;;;Fästmaterial Imex;62,17;;;;
V;407926;;;Märktape Collinder;53,27;;;;
V;407928;;;Spoltråd Jowema;49,41;;;;
V;407930;;;Tape Eurocool;61,59;;;;
V;407932;;;Vägsalt Hansson & Möhring;53,60;;;;
V;407934;;;Rörklammer Pipelife;70,39;;;;
V;407990;;;Solar Plus;60,00;;;;
V;407994;;;Solar Netto;50,00;;;;
V;407995;;;Solar Plus;60,00;;;;
V;407997;;;Anskaffningsmateriel AVC;30,00;;;;
V;408100;;;Solar Plus Kulventiler VA Gbg Vvs;48,06;;;;
V;408200;;;Kulventiler VVS Beulco I;54,91;;;;
V;408202;;;Kulventiler VVS Beulco II;54,33;;;;
V;408206;;;Kulventil Filterball Beulco;49,64;;;;
V;408214;;;Bottenventiler Beulco;45,44;;;;
V;408350;;;Servisventiler Ulefos;47,15;;;;
V;408400;;;Kulventiler TA;51,70;;;;
V;408600;;;Kulvent Stål Broen;41,24;;;;
V;408610;;;Ventiler  Vexve / NAVAL;34,41;;;;
V;408700;;;Slang Lundgrens;59,95;;;;
V;408702;;;Slangkoppl. oTbh Lundgrens;56,88;;;;
V;408704;;;Tryckluftskopplingar Lundgren;55,94;;;;
V;408800;;;Kikbox+Lock EZZE;52,48;;;;
V;408802;;;SLANGKOPPL. EZZE;59,95;;;;
V;408900;;;Magnetventiler Danfoss;51,29;;;;
V;408906;;;Va-Ventiler OTbh Ekå;40,73;;;;
V;408914;;;Sllanghylla Elajo;59,04;;;;
V;408916;;;Slangkoppl. oTbh Elajo;45,71;;;;
V;408920;;;Kulventiler Pvc Gpa;62,21;;;;
V;408994;;;Solar Netto;50,00;;;;
V;408995;;;Solar Plus;60,00;;;;
V;408997;;;Anskaffningsmateriel AVC;30,00;;;;
V;409100;;;Termostatventil MMA I;50,40;;;;
V;409101;;;Termostatventil MMA X;53,16;;;;
V;409102;;;Termostatventil MMA II;50,34;;;;
V;409104;;;Termostatventil Tbh MMA;48,50;;;;
V;409106;;;Termventil (Polerat) MMA;48,50;;;;
V;409108;;;Radiatorkoppel MMA;58,43;;;;
V;409110;;;Returventiler MMA;51,24;;;;
V;409112;;;Gruppventil MMA;51,56;;;;
V;409114;;;Reglerventiler MMA;40,15;;;;
V;409116;;;Tbh Tryckkärl MMA;49,72;;;;
V;409200;;;Term.Ventil Danfoss;43,46;;;;
V;409201;;;Term.Ventil Danfoss X;48,71;;;;
V;409202;;;Reglerventiler Danfoss;34,22;;;;
V;409203;;;Radiatorventil Danfoss Pure;46,30;;;;
V;409300;;;Termmostat Ventil TA;62,14;;;;
V;409302;;;Radiatorkoppel Ta;61,87;;;;
V;409304;;;Radiator O Returkoppl Ta;54,63;;;;
V;409305;;;Returkopplingar IMI;53,40;;;;
V;409306;;;Returventiler Ta;55,73;;;;
V;409310;;;Reglerventiler Ta;49,72;;;;
V;409312;;;Reglerventil Ta I;54,91;;;;
V;409314;;;Reglerventil Ta II;49,69;;;;
V;409316;;;Reglerventil Stad/Stap TA;56,64;;;;
V;409318;;;Avluftare TA;35,82;;;;
V;409400;;;Shunt och Blandningsventiler Esbe;49,64;;;;
V;409404;;;Beredararmatur Esbe;47,28;;;;
V;409406;;;Vacuumventiler Esbe;38,54;;;;
V;409408;;;Backventiler Esbe;35,75;;;;
V;409500;;;Beredararmatur Lk;47,88;;;;
V;409502;;;Shunt och Blandningsventil Lk;57,26;;;;
V;409504;;;Säkerhetsventiler Lk;54,02;;;;
V;409506;;;Flottöravluftare Lk;47,24;;;;
V;409508;;;Vacuumventiler Lk;40,07;;;;
V;409600;;;Backventiler Beulco;50,81;;;;
V;409602;;;Backventiler Kontrollerbar Beulco;32,87;;;;
V;409604;;;Säkerhetsventiler Beulco;49,98;;;;
V;409606;;;Smutsfilter Beulco;49,48;;;;
V;409608;;;Reglerventiler Beulco;54,02;;;;
V;409610;;;Avluftare Beulco;42,93;;;;
V;409614;;;Teknisk Armatur Beulco;32,38;;;;
V;409800;;;Luftningsventil Ezze;50,95;;;;
V;409802;;;Backventiler Ezze;37,12;;;;
V;409902;;;Reglerventiler Nordicold;50,95;;;;
V;409904;;;Avluftare Retherm;53,78;;;;
V;409908;;;Luftningsventil Ema;42,43;;;;
V;409914;;;Avluftare Flamco;53,12;;;;
V;409916;;;Luftnyckel 4AX Holmgrens;50,95;;;;
V;409918;;;Ventilrör Durgo;35,78;;;;
V;409920;;;Vacuumventiler Durgo;40,32;;;;
V;409922;;;Säkerhetsventil Durgo;39,16;;;;
V;409924;;;Backventil JCH;51,70;;;;
V;409928;;;Gummikompensatorer Teddington;34,38;;;;
V;409930;;;Säkerheysventil Somatherm;35,75;;;;
V;409990;;;Solar Plus Radiatortermostat;60,00;;;;
V;409991;;;Solar Plus Radiator Tbh;60,00;;;;
V;409994;;;Solar Netto;50,00;;;;
V;409995;;;Solar Plus;60,00;;;;
V;409997;;;Anskaffningsmateriel AVC;30,00;;;;
V;410100;;;Vattenmätarkonsol Beulco;50,21;;;;
V;410104;;;Mätinstrument Beulco;54,63;;;;
V;410106;;;HydroforTbh Beulco;48,64;;;;
V;410200;;;Vattenmätarekopplingar Mässing Ezze;63,89;;;;
V;410202;;;Vattenmätare MTbh Ezze;47,82;;;;
V;410300;;;Vattenmätare Broen;55,16;;;;
V;410350;;;Vattenmätarkonsol Villeroy & Boch;47,88;;;;
V;410400;;;Vattenmätare M.Tbh Lk;47,65;;;;
V;410500;;;Vattenmätare  GMJ;42,84;;;;
V;410600;;;Mätinstrument ventiler Rubens;38,48;;;;
V;410700;;;Mätinstrument Brannan;50,34;;;;
V;410994;;;Solar Netto;50,00;;;;
V;410997;;;Anskaffningsmateriel AVC;30,00;;;;
V;411099;;;Golvbrunnar Purus X;41,46;;;;
V;411100;;;Golvbrunnar Purus I;41,14;;;;
V;411102;;;Golvbrunnar Purus II;41,14;;;;
V;411104;;;Tbh Golvbrunn Purus;46,13;;;;
V;411106;;;Golvbrunnar Gjutna/Rostfritt Purus;43,44;;;;
V;411108;;;Golvbrunnar Rostfritt Purus;55,51;;;;
V;411110;;;Purus Line;36,24;;;;
V;411200;;;Golvbrunnar Jafo I;41,09;;;;
V;411202;;;Golvbrunnar Jafo II;43,84;;;;
V;411204;;;Tbh Golvbrunnar Jafo;44,82;;;;
V;411206;;;Unidrain Golvrännor och Tbh Jafo;35,02;;;;
V;411208;;;Spolbrunnar Jafo;51,50;;;;
V;411300;;;Golvbrunnar Spygatter M Thb Faluplast;34,05;;;;
V;411400;;;Golvbrunnar Blucher;32,78;;;;
V;411906;;;Lätta Brunnslock;25,88;;;;
V;411990;;;Solar Plus Rensbrunnar;60,00;;;;
V;411992;;;Solar Plus Brunnar;60,00;;;;
V;411994;;;Solar Netto;50,00;;;;
V;411995;;;Solar Plus;60,00;;;;
V;411997;;;Anskaffningsmateriel AVC;30,00;;;;
V;412100;;;Reglersystem Esbe;48,47;;;;
V;412302;;;Shuntautomatik LK Armatur;38,70;;;;
V;412600;;;Vattensäkring Waterfuse MTbh Prevecta;29,47;;;;
V;412650;;;VATTENFELSBRYTARE VATETTE;36,19;;;;
V;412660;;;Vattenfelsbrytare LK System;39,73;;;;
V;412700;;;Varishunt Sie;31,89;;;;
V;412702;;;Varishunt Tbh Sie;19,34;;;;
V;412704;;;Ventilställdon Elektrohydrauliska SIE;28,06;;;;
V;412706;;;Ventilställdon Elektrmekaniska Sie;19,09;;;;
V;412708;;;Tbh Ställdon Sie;13,29;;;;
V;412710;;;Styrventiler Sie;30,31;;;;
V;412712;;;Styrventil Magnetic Sie;34,45;;;;
V;412714;;;Sätesventiler Tbh Sie II;15,66;;;;
V;412716;;;Sätesventiler Tbh Sie I;11,13;;;;
V;412720;;;Givare Termostater Sie;8,41;;;;
V;412722;;;Regulatorer Sie;19,99;;;;
V;412724;;;Synco Living Starter Kit Sie;16,08;;;;
V;412726;;;Syncro Living Tbh Sie;18,52;;;;
V;412994;;;Solar Netto;50,00;;;;
V;412995;;;Solar Plus;60,00;;;;
V;412997;;;Anskaffningsmateriel AVC;30,00;;;;
V;413300;;;Tryckkärl IPX Beulco;53,16;;;;
V;413302;;;Tryckvattenbehållar Beulco;45,54;;;;
V;413304;;;Tbh Tryckkärl Beulco;47,21;;;;
V;413306;;;Partikelfilter M Tbh Beulco;53,40;;;;
V;413410;;;Hydropresser Debe;22,11;;;;
V;413600;;;Hydroforslang Lundgrens;0,00;;;;
V;413702;;;Tbh Tryckkärl Somatherm;44,05;;;;
V;413800;;;Exp. Kärl Flexcon oTbh Flamco;49,04;;;;
V;413802;;;Tryckkärl Flexcon Flamco;34,55;;;;
V;413910;;;HydroforTbh LK;46,68;;;;
V;413912;;;Kalklösare Aqua Trebema;31,68;;;;
V;413928;;;Nivålarm Ema;31,86;;;;
V;413990;;;Solar Plus Eget avlopp;60,00;;;;
V;413992;;;Solar Plus eget avlopp Tbh;60,00;;;;
V;413994;;;Solar Netto;50,00;;;;
V;413995;;;Solar Plus;60,00;;;;
V;413997;;;Anskaffningsmateriel AVC;30,00;;;;
V;414100;;;Cirk.Pump  Grundfos I;34,43;;;;
V;414102;;;Cirk.Pump  Grundfos II;35,12;;;;
V;414104;;;Tbh Cirkpumpar Grundfos;35,26;;;;
V;414106;;;Centrifugalpumpar Grundfos;18,32;;;;
V;414108;;;Hushållspump Sololift Grundfos;26,38;;;;
V;414110;;;Djupbrunnspumpar Grundfos;36,99;;;;
V;414112;;;Bevattningspumpar Grundfos;36,99;;;;
V;414200;;;Cirkulationsp. Stratos P./Yonos P. Wilo;42,73;;;;
V;414202;;;Cirkulationspump Wilo I;43,20;;;;
V;414204;;;Cirkulationspump Wilo II;25,64;;;;
V;414208;;;Tbh cirk.pump Wilo;41,82;;;;
V;414210;;;PumpTbh Wilo;31,26;;;;
V;414214;;;Djupbrunnspumpar Wilo;21,00;;;;
V;414216;;;Bevattningspump Wilo;43,90;;;;
V;414218;;;Dräneringspump Wilo;42,30;;;;
V;414302;;;Tbh Cirk.Pump Beulco;33,35;;;;
V;414304;;;PumpTbh Beulco;37,60;;;;
V;414308;;;Bevattningspumpar Beulco;38,90;;;;
V;414310;;;Reservdelar pumpar Beulco;22,34;;;;
V;414400;;;Wc-och Hushållspump Saniflo;43,20;;;;
V;414510;;;Pumptillbehör Debe;34,32;;;;
V;414800;;;Tryckströmbrytare Danfoss;44,96;;;;
V;414992;;;Solar Plus;60,00;;;;
V;414994;;;Solar Netto;50,00;;;;
V;414995;;;Solar Plus;60,00;;;;
V;414997;;;Anskaffningsmateriel AVC;30,00;;;;
V;415100;;;Värmepumpar Nibe;20,34;;;;
V;415101;;;Värmepumpar L/V Nibe;20,54;;;;
V;415102;;;Värmepump Fastighet Nibe;22,73;;;;
V;415104;;;Villapannor El Nibe;20,15;;;;
V;415106;;;Villpannor Nibe;18,04;;;;
V;415108;;;Tbh Värmepannor NIBE;51,52;;;;
V;415112;;;Tbh Nibe;35,69;;;;
V;415200;;;Värmepumpar CTC Enertech;22,12;;;;
V;415201;;;Värmepumpar L/V CTC Enertech;22,32;;;;
V;415202;;;Tbh Värmepumpar CTC Enertech;22,12;;;;
V;415206;;;Reservdelar CTC/Bentone Enertech;33,82;;;;
V;415208;;;Tbh CTC Enertech;25,68;;;;
V;415214;;;Oljemunstycke Danfoss Enertech;52,23;;;;
V;415500;;;Villapannor VB;14,50;;;;
V;415502;;;Tbh Villapannor VB;7,64;;;;
V;415504;;;Elpatroner m. Tbh VB;43,14;;;;
V;415506;;;Pelletsbrännare m Tbh  VB;12,88;;;;
V;415508;;;Reservdelar Viking Bio VB;30,52;;;;
V;415510;;;Elkassetter VB;25,20;;;;
V;415514;;;Tbh Solfångare VB;6,14;;;;
V;415805;;;Luft / Luft Bom KB;28,41;;;;
V;415809;;;Tillbehör KB;21,02;;;;
V;415910;;;Villpannor Metro;29,47;;;;
V;415912;;;Pelletsbrännare mTbh Iwabo Metro;12,05;;;;
V;415914;;;Reservdelar Pelletsbr. Iwabo Metro;24,52;;;;
V;415920;;;OljeeldningsTbh Tigerholm;26,92;;;;
V;415924;;;PannorTbh Afriso Ema;50,31;;;;
V;415926;;;OljeeldningsTbh Mano-Therm;35,75;;;;
V;415930;;;Vattenbehandling Cimberio A/S;40,56;;;;
V;415932;;;Tbh Pannor Esbe;33,05;;;;
V;415936;;;Oljekopplingar Härenviks;37,07;;;;
V;415952;;;Panasonic luft/ luft (A2A) Flagship;48,86;;;;
V;415953;;;Panasonic luft/luft KIT I;48,86;;;;
V;415955;;;Luft/luft I Panasonic;43,75;;;;
V;415957;;;Luft/luft II Panasonic;42,61;;;;
V;415959;;;luft/vatten Panasonic;25,66;;;;
V;415961;;;Panasonic luft/luft KIT II;43,75;;;;
V;415963;;;Panasonic luft/luft KIT III;42,61;;;;
V;415964;;;Panasonic TBH;34,94;;;;
V;415970;;;Tillbehör värmepumpar Entrade;46,23;;;;
V;415975;;;Haier Värmepumpar;33,35;;;;
V;415980;;;Värmepump Thermonova;37,50;;;;
V;415982;;;Värmepump Nova Thermonova;23,86;;;;
V;415990;;;Solar Plus Värmepump o Kyla;60,00;;;;
V;415994;;;Solar Netto;50,00;;;;
V;415995;;;Solar Plus;60,00;;;;
V;415997;;;Anskaffningsmateriel AVC;30,00;;;;
V;416100;;;TP-Radiatorer Nya Rettig I;59,61;;;;
V;416102;;;TP-Radiatorer Nya Rettig II;47,88;;;;
V;416104;;;TP-rad.Tbh Rettig;50,01;;;;
V;416106;;;PURMO RADIATORER Rettig I;57,21;;;;
V;416108;;;PURMO RADIATORER Rettig II;52,57;;;;
V;416110;;;Purmo Radiatorer Hygien Rettig;34,58;;;;
V;416112;;;Handdukstorkar Rettig;43,87;;;;
V;416114;;;Thermocon Konvektorer;37,10;;;;
V;416300;;;TP-rad.Tbh MMA;52,76;;;;
V;416500;;;Luftridå + Fläktvärm. MedTbh Frico;37,60;;;;
V;416600;;;Fläktluftvärm.-Konvektor-Luftridå Eveco;38,96;;;;
V;416710;;;Thermrad  Solar;75,86;;;;
V;416720;;;Kompact Plan Thermrad;70,55;;;;
V;416725;;;Kompakt 8 Thermrad;75,18;;;;
V;416728;;;Kompakt 8 flat Thermrad;74,60;;;;
V;416735;;;Vertikal Thermrad;72,73;;;;
V;416740;;;Tillbehör Thermrad;72,73;;;;
V;416745;;;Handdukstork Thermrad;74,09;;;;
V;416750;;;Kompakt 6 flat Thermrad;74,49;;;;
V;416790;;;Reservdelar Thermrad;71,47;;;;
V;416994;;;Solar Netto;50,00;;;;
V;416995;;;Solar Plus;60,00;;;;
V;416997;;;Anskaffningsmateriel AVC;30,00;;;;
V;417102;;;Utjämningskärl NIBE;22,19;;;;
V;417200;;;Ackumulatortankar Bentone-CTC Enertech;20,05;;;;
V;417400;;;Elberedare Metro;30,67;;;;
V;417402;;;Elpatroner m.Tbh Metro;43,03;;;;
V;417404;;;Elberedare Focus Metro;31,77;;;;
V;417500;;;Ack.Tankar VB;11,74;;;;
V;417502;;;Ack.TankarTbh. VB;21,04;;;;
V;417700;;;Ack.Tankar Strömspannan;40,61;;;;
V;417900;;;Elpatroner och Tbh Relek;43,64;;;;
V;417901;;;Laddkoppel m.Tbh Termoventiler X;36,77;;;;
V;417902;;;Laddkoppel m.Tbh Termoventiler;31,23;;;;
V;417904;;;OljeeldningsTbh Termoventiler;34,42;;;;
V;417994;;;Solar Netto;50,00;;;;
V;417995;;;Solar Plus;60,00;;;;
V;417997;;;Anskaffningsmateriel AVC;30,00;;;;
V;418100;;;Duschkabiner,Väggar Ifö;46,13;;;;
V;418102;;;Badkar Ifö;44,72;;;;
V;418104;;;Reservelar möbler, dusch, badkar Ifö;52,73;;;;
V;418110;;;Showeramar Art Ifö;34,09;;;;
V;418115;;;Showerama Ifö;31,82;;;;
V;418200;;;Badkar Gbg Vvs;34,74;;;;
V;418202;;;Badkarsreservdelar Gbg Vvs;34,63;;;;
V;418300;;;Duschkabiner,Väggar Ido;19,53;;;;
V;418500;;;Duschväggar Svedberg;13,46;;;;
V;418600;;;Duschlist LK Konsult;34,83;;;;
V;418650;;;Duschväggar Arrow;43,48;;;;
V;418700;;;Reservdelar Kar Faluplast;39,79;;;;
V;418890;;;Blue Label Badkar;35,00;;;;
V;418994;;;Solar Netto;50,00;;;;
V;418995;;;Solar Plus;60,00;;;;
V;418997;;;Anskaffningsmateriel AVC;30,00;;;;
V;419100;;;Tvättställ o Pelare Ifö;37,94;;;;
V;419101;;;Tvättställ Spira IFÖ;37,30;;;;
V;419102;;;Tvättställ Rostfritt Contura;40,98;;;;
V;419110;;;Vinta Art Tvättställ Ifö;35,23;;;;
V;419115;;;Vinta Tvättställ Ifö;40,27;;;;
V;419120;;;Elegant Tvättställ Ifö;56,37;;;;
V;419200;;;Tvättställ Gbg Nautic;38,05;;;;
V;419201;;;Tvättställ övrigt Gbg;23,00;;;;
V;419202;;;Tvättställ o Pelare Gbg Vvs;16,86;;;;
V;419350;;;Tvättställ Grohe;20,96;;;;
V;419500;;;Sanitet Rostfritt Jafo;17,36;;;;
V;419550;;;Solar Plus Tvättställ I Laufen;40,00;;;;
V;419551;;;Solar Plus Tvättställ II Laufen;40,00;;;;
V;419552;;;Tvättställ övriga Laufen;30,11;;;;
V;419600;;;Tvättställ Rostfritt Purus;22,57;;;;
V;419700;;;Tvättrännor och Tvättställ Rfr Intra;31,56;;;;
V;419800;;;Tvättställs Paket;33,76;;;;
V;419890;;;Blue Label tvättställ Vit;35,00;;;;
V;419891;;;Blue Label tvättställ Färg;35,00;;;;
V;419994;;;Solar Netto;50,00;;;;
V;419995;;;Solar Plus;60,00;;;;
V;419997;;;Anskaffningsmateriel AVC;30,00;;;;
V;420099;;;WC Spira IFÖ X;46,50;;;;
V;420100;;;Wc-Stolar Std Ifö I;45,18;;;;
V;420101;;;WC Spira IFÖ I;46,50;;;;
V;420102;;;Wc-Stolar Ifö II;40,76;;;;
V;420103;;;WC Spira IFÖ II;45,35;;;;
V;420104;;;Wc-Stolar Ifö III;42,33;;;;
V;420106;;;Wc-Skålar Ifö;34,32;;;;
V;420108;;;Wc-Sits Ifö;41,82;;;;
V;420110;;;Tbh  Wc IFÖ;47,26;;;;
V;420112;;;Fresh Wc;44,74;;;;
V;420114;;;Urinal Ifö;25,17;;;;
V;420118;;;Reservd Porslin Prewall V-lås Contura;55,38;;;;
V;420130;;;Care Geberit;40,39;;;;
V;420150;;;Vinta Art WC Ifö;52,28;;;;
V;420155;;;Vinta WC Ifö;49,10;;;;
V;420157;;;Vinta WC vägg Ifö;36,36;;;;
V;420160;;;Silia WC Ifö;36,36;;;;
V;420165;;;Pala WC Ifö;37,22;;;;
V;420170;;;Pala & Vinta Sitsar Ifö;37,22;;;;
V;420201;;;WC-stolar HF Standard GBG;48,59;;;;
V;420202;;;Wc-Stolar Nautic Gbg Vvs;27,09;;;;
V;420203;;;WC-stolar HF Övriga GBG;44,24;;;;
V;420204;;;Wc-Stolar GbgVvs;30,93;;;;
V;420205;;;Wc-Stolar övrigt Gbg;19,46;;;;
V;420206;;;Wc-Reservdelar Gbg Vvs;53,34;;;;
V;420208;;;Wc-Sits Reservdel Gbg Vvs;40,98;;;;
V;420210;;;Wc-SitsTbh Gbg Vvs;42,23;;;;
V;420212;;;Wc-Tbh Gbg  Gbg Vvs;58,97;;;;
V;420304;;;Wc-Sits Ido;44,04;;;;
V;420306;;;Wc-Reservdelar Ido;50,31;;;;
V;420350;;;Wc Grohe;60,01;;;;
V;420550;;;Solar Plus WC I Laufen;40,00;;;;
V;420551;;;Solar Plus WC II Laufen;40,00;;;;
V;420552;;;Solar Plus WC III Laufen;40,00;;;;
V;420553;;;WC övriga Laufen;30,11;;;;
V;420600;;;Mulltoa Swedish Eco.;33,96;;;;
V;420700;;;Reservdelar Wc-Stol Tubman;45,35;;;;
V;420800;;;Reservdelar Wc-Stol Jafo;52,90;;;;
V;420890;;;Blue Label WC Vit;35,00;;;;
V;420891;;;Blue Label WC Färg;35,00;;;;
V;420900;;;Reservdelar Wc-Stol Ezze;30,63;;;;
V;420950;;;Installationspaket 1 Vvs;42,24;;;;
V;420952;;;Installationspaket 2 Vvs;43,18;;;;
V;420994;;;Solar Netto;50,00;;;;
V;420995;;;Solar Plus;60,00;;;;
V;420997;;;Anskaffningsmateriel AVC;30,00;;;;
V;421100;;;Tvättbänkar Contura;38,20;;;;
V;421102;;;Disk- o Tvättbänkar Contura;46,88;;;;
V;421104;;;Utslagstrattar Contura;30,80;;;;
V;421200;;;Tvättbänkar Nimo;31,37;;;;
V;421210;;;Torkskåp NIMO;39,59;;;;
V;421300;;;Diskbänkar O Rostfritt Intra;19,01;;;;
V;421304;;;Intra Utslagsback Rfr Intra;22,34;;;;
V;421306;;;Avfallskvarn Intra;37,16;;;;
V;421400;;;Utslagsbackar Jafo;32,20;;;;
V;421500;;;Underlägg Tollco;50,31;;;;
V;421600;;;Vattensäkring Vatek;38,44;;;;
V;421802;;;Diskbänkar II Franke;44,79;;;;
V;421805;;;Diskbänkstillbehör Franke;32,06;;;;
V;421807;;;Diskbänkstillbehör II Franke;38,96;;;;
V;421852;;;Inbyggnadssortiment Stala;43,06;;;;
V;421854;;;Källsortering, tillbehör Stala Oy;43,48;;;;
V;421994;;;Solar Netto;50,00;;;;
V;421995;;;Solar Plus;60,00;;;;
V;421997;;;Anskaffningsmateriel AVC;30,00;;;;
V;422100;;;Premont Ifö;38,22;;;;
V;422102;;;Vattenlås Contura;57,84;;;;
V;422104;;;Tbh Tvätt Ställ Ifö;50,91;;;;
V;422200;;;TriomontGbg Vvs;30,54;;;;
V;422202;;;Tbh Tv.Ställ Gbg Vvs;46,20;;;;
V;422300;;;Inbyggnadssystem Ido;15,96;;;;
V;422400;;;Vattenlås Faluplast;58,43;;;;
V;422402;;;Vattenlås Standard Faluplast;54,32;;;;
V;422404;;;Vattenlås Flexi Faluplast;55,91;;;;
V;422500;;;Fixtur universal 30-serien Rebase;37,61;;;;
V;422502;;;Wc-fixtur 20-serien Rebase;49,47;;;;
V;422504;;;Vägghylla, armstöd 10-serien Rebase;47,64;;;;
V;422506;;;Avloppansl, väggbrickor 40-50-ser Rebase;37,40;;;;
V;422508;;;Avsloppsanslutningar Rebase;47,44;;;;
V;422600;;;Vattenlås Purus I;54,84;;;;
V;422602;;;Vattenlås Purus II;55,72;;;;
V;422604;;;Slang Purus;57,31;;;;
V;422700;;;Fixtursystem Geberit;53,56;;;;
V;422701;;;Fixtursystem Geberit X;60,06;;;;
V;422800;;;Fixtursystem Grohe;46,44;;;;
V;422801;;;Fixtursystem II Grohe;40,35;;;;
V;422820;;;Vattenlås Franke;30,63;;;;
V;422900;;;Vattenlås Jafo;55,77;;;;
V;422906;;;Tbh Tv.Ställ Konsoler Öringe;48,86;;;;
V;422994;;;Solar Netto;50,00;;;;
V;422995;;;Solar Plus;60,00;;;;
V;422997;;;Anskaffningsmateriel AVC;30,00;;;;
V;423100;;;Blandare FMM Ostnor I;43,95;;;;
V;423102;;;Blandare FMM Ostnor II;43,95;;;;
V;423104;;;Blandare Design FMM Ostnor;39,29;;;;
V;423106;;;Blandare Mora Ostnor I;44,54;;;;
V;423108;;;Blandare Mora Ostnor II;44,96;;;;
V;423110;;;Blandare Design Mora Ostnor I;40,97;;;;
V;423112;;;Blandare Design Mora Ostnor II;41,82;;;;
V;423113;;;Mora INXX II FMM;34,84;;;;
V;423114;;;Blandare Tvågrepp Ostnor;34,56;;;;
V;423116;;;Blandare FMM Montering Ostnor;26,71;;;;
V;423122;;;Ettgrepp Viskan FMM;58,73;;;;
V;423124;;;Thermostat Viskan FMM;66,27;;;;
V;423126;;;Blandare Runn FMM;21,43;;;;
V;423140;;;Blandare 9000EX I FMM;35,60;;;;
V;423142;;;Blandare 9000EX II FMM;32,10;;;;
V;423160;;;Blandare MMIX2 I  FM Mattson;34,09;;;;
V;423162;;;Blandare MMIX2 II FM Mattson;34,09;;;;
V;423166;;;Blandare lynx II FMM;35,23;;;;
V;423200;;;Blandare Va Gbg Vvs I;46,27;;;;
V;423202;;;Blandare Va Gbg Vvs II;46,71;;;;
V;423210;;;Blandare Atlantic Villeroy & Boch;44,37;;;;
V;423304;;;Blandare ORAS 1a;49,47;;;;
V;423306;;;BLANDARE 2A ORAS;52,81;;;;
V;423404;;;Blandare HG Hansgrohe;37,39;;;;
V;423406;;;Blandare AX Hangrohe;31,37;;;;
V;423500;;;Blandare Grohe;46,45;;;;
V;423530;;;Quickfix Trade Grohe;39,41;;;;
V;423650;;;Blandare Tapwell;14,63;;;;
V;423700;;;Reservdelar Blandar Damixa;44,64;;;;
V;423710;;;Blandare Damixa FM Mattsson Mora Group;38,13;;;;
V;423890;;;Blue Label Blandare Krom;35,00;;;;
V;423891;;;Blue Label Blandare Färg;35,00;;;;
V;423990;;;Solar Plus Duschkomb;60,00;;;;
V;423994;;;Solar Netto;50,00;;;;
V;423995;;;Solar Plus;60,00;;;;
V;423997;;;Anskaffningsmateriel AVC;30,00;;;;
V;424100;;;Duschar MedTbh Ostnor I;47,52;;;;
V;424102;;;Duschar MedTbh Ostnor II;47,52;;;;
V;424105;;;Duschutrustning Viskan FMM;57,74;;;;
V;424106;;;Reservdelar Blandare FMM Ostnor I;43,11;;;;
V;424108;;;Reservdelar Blandare FMM Ostnor II;52,22;;;;
V;424110;;;Reservdelar Blandare FMM Ostnor III;49,95;;;;
V;424112;;;Reservdelar Blandare Design FMM Ostnor;24,33;;;;
V;424114;;;Utloppspip FMM Ostnor;44,64;;;;
V;424116;;;Reservdelar Blandare Mora Ostnor I;52,81;;;;
V;424118;;;Reservdelar Blandare Mora Ostnor II;49,77;;;;
V;424120;;;Vattenutkastare FMM Ostnor;53,64;;;;
V;424121;;;Vattenutkastare Std FMM Ostnor;68,24;;;;
V;424122;;;Vattenutkastare Mora Ostnor;38,64;;;;
V;424124;;;VattenutkastareTbh Ostnor;48,51;;;;
V;424126;;;Tappventiler FMM Ostnor;52,96;;;;
V;424128;;;Tappventiler Mora Ostnor;41,59;;;;
V;424130;;;SanitetsarmaturTbh Mora Ostnor;53,18;;;;
V;424132;;;BottenventilTbh Ostnor;45,63;;;;
V;424134;;;Konkopplingssystem FMM Ostnor;49,00;;;;
V;424136;;;Sanitetsarm. Ansl. Koppl FMM Ostnor;50,91;;;;
V;424138;;;Sanitetsarm. Ansl. Koppl Mora Ostnor;49,10;;;;
V;424139;;;Sanitetsarm. Ansl. Koppl Inxx II Mora;12,86;;;;
V;424140;;;Konkopplingssystem Mora Ostnor;48,45;;;;
V;424142;;;Kopplingar o Nipplar Ostnor I;46,54;;;;
V;424144;;;Kopplingar o Nipplar Ostnor II;30,87;;;;
V;424146;;;Kulventil FMM;38,87;;;;
V;424150;;;Blandarfäste, väggbrickor Mora/ FMM;31,18;;;;
V;424155;;;Reservdelar tbh Mora FMM;30,68;;;;
V;424170;;;Accessoarer Mora/ FMM;18,83;;;;
V;424200;;;Duschar MedTbh Gbg Vvs;38,81;;;;
V;424202;;;Duschar MedTbh Gbg Vvs I;24,59;;;;
V;424204;;;Blandarfäste/Väggbrickor Gbg Vvs;56,55;;;;
V;424206;;;Vattenutkastare VA Gbg Vvs;50,18;;;;
V;424207;;;Vattenutkastare Std Gbg;56,67;;;;
V;424208;;;VattenutkastareTbh Gbg Vvs;45,37;;;;
V;424210;;;Tappventiler Gbg Vvs;47,28;;;;
V;424211;;;Vatette Installationspr. Gbg Vvs X;57,26;;;;
V;424212;;;Vatette Installationsprodukter Gbg Vvs;53,99;;;;
V;424214;;;Sanitetsarmatur Ansl. Koppl. Gbg Vvs;47,28;;;;
V;424216;;;Bottenventil Gbg Vvs;43,49;;;;
V;424218;;;Reservdelar Blandare Va Gbg Vvs;47,05;;;;
V;424220;;;Utloppspip Gbg Vvs I;49,77;;;;
V;424222;;;Utloppspip Gbg Vvs II;38,21;;;;
V;424223;;;Kulventil Vårgårda Gbg Vvs X;57,16;;;;
V;424224;;;Kulventil Vårgårda Gbg Vvs;50,40;;;;
V;424300;;;Duschar MedTbh Oras;40,19;;;;
V;424302;;;Electra Duschpanel Oras;20,92;;;;
V;424304;;;Väggfäste Oras;46,00;;;;
V;424306;;;Vattenutkastare Oras;31,87;;;;
V;424308;;;VattenutkastareTbh Oras;30,57;;;;
V;424310;;;Tappventiler Oras;47,01;;;;
V;424312;;;Sanitetsarmatur Tbh Oras;43,93;;;;
V;424314;;;Reservdelar Blandare Oras;46,67;;;;
V;424404;;;Reservdelar Blandar Hansgrohe;22,30;;;;
V;424500;;;Duschar MedTbh Grohe;44,74;;;;
V;424502;;;Reservdelar Blandar/Tbh Grohe;48,49;;;;
V;424600;;;Ansl.Slang Beulco;50,43;;;;
V;424601;;;Packning Ansl.Slang Beulco;36,46;;;;
V;424603;;;Ansl.Slang Beulco X;56,67;;;;
V;424650;;;Dusch övrigt Tapwell;14,63;;;;
V;424660;;;Flödesbegränsre Divello;29,74;;;;
V;424700;;;Blandarfäste Trio I;45,70;;;;
V;424702;;;Blandarfäste Trio II;46,67;;;;
V;424706;;;Sanitetsarmatur Trio I;45,46;;;;
V;424708;;;Sanitetsarmatur Trio II;46,00;;;;
V;424714;;;Kopplingar O Nipplar Trio I;52,97;;;;
V;424716;;;Kopplingar O Nipplar Trio II;57,59;;;;
V;424718;;;Kopplingar O Nipplar Trio III;40,19;;;;
V;424720;;;Tappventiler Trio I;44,77;;;;
V;424728;;;VattenutkastareTbh Trio;32,57;;;;
V;424730;;;Bottenventiler Trio I;44,74;;;;
V;424736;;;Täck O Väggbricka Trio;39,72;;;;
V;424738;;;Reservdelar Blandar Trio;43,03;;;;
V;424740;;;Utloppspip Tbh Trio;44,74;;;;
V;424800;;;Sanitetsarmatur Fästmateriel Ezze;42,23;;;;
V;424802;;;Sanitetsarmatur Fästmateriel Ezze I;53,54;;;;
V;424804;;;Sanitetsarmatur Fästmateriel Ezze II;45,37;;;;
V;424806;;;Sanitetsarmatur Fästmateriel Ezze III;68,61;;;;
V;424890;;;Blue Label Duschset;35,00;;;;
V;424891;;;Blue Label Tillbehör;35,00;;;;
V;424900;;;Duschar MedTbh Arrow;40,00;;;;
V;424902;;;Sanitetsarmatur Ansl. Koppl. Arrow;44,50;;;;
V;424904;;;Sanitetsarmatur Vvs Agenturer;40,50;;;;
V;424906;;;SanitetsarmaturTbh Purus I;11,20;;;;
V;424908;;;SanitetsarmaturTbh Purus II;26,43;;;;
V;424912;;;Kulventil Ballofix Broen;50,33;;;;
V;424914;;;Kulventil Vsh Broen;36,21;;;;
V;424916;;;Avloppsventiler Kope;53,40;;;;
V;424926;;;Diskmedelsdispenser JAFO;16,76;;;;
V;424928;;;Reservdelar O-Ringar Lundgrens;30,63;;;;
V;424994;;;Solar Netto;50,00;;;;
V;424995;;;Solar Plus;60,00;;;;
V;424997;;;Anskaffningsmateriel AVC;30,00;;;;
V;425100;;;Badrumsmöbler Ifö;37,70;;;;
V;425102;;;Badrumsmöbler Spira IFÖ;36,77;;;;
V;425105;;;Badrums tbh InxxII Mora FMM;18,38;;;;
V;425110;;;Silia Möbel Ifö;49,77;;;;
V;425113;;;Elegant Möbel;53,16;;;;
V;425114;;;Reflect Ifö;35,23;;;;
V;425200;;;Badrumsmöbler Gustavsberg;38,40;;;;
V;425400;;;Handdukstorkar Ostnor;36,47;;;;
V;425540;;;Badmöbler Noro;51,44;;;;
V;425600;;;Handdukstorkar Svedbergs I;22,29;;;;
V;425602;;;Handdukstorkar Svedbergs II;28,37;;;;
V;425604;;;Badrumsmöbler Svedberg I;29,74;;;;
V;425650;;;Solar Plus Möbler Laufen;29,55;;;;
V;425750;;;Handdukstorkar Virab I;48,49;;;;
V;425800;;;BadrumsTbh Grohe;41,61;;;;
V;425900;;;Tbh Tv.Ställ Isaksson;37,29;;;;
V;425994;;;Solar Netto;50,00;;;;
V;425995;;;Solar Plus;60,00;;;;
V;425997;;;Anskaffningsmateriel AVC;30,00;;;;
V;426994;;;Solar Netto;50,00;;;;
V;426995;;;Solar Plus;60,00;;;;
V;426997;;;Anskaffningsmateriel AVC;30,00;;;;
V;427100;;;Omfyllnadssatser Brenntag;54,81;;;;
V;427108;;;Patronfilter Debe;43,60;;;;
V;427122;;;Vattenfilter Debe;41,22;;;;
V;427994;;;Solar Netto;50,00;;;;
V;427997;;;Anskaffningsmateriel AVC;30,00;;;;
V;499994;;;Solar Netto;50,00;;;;
V;499997;;;Anskaffningsmateriel AVC;30,00;;;;
V;501010;;;Actuators I SMC;37,50;;;;
V;501030;;;Actuators III SMC;10,00;;;;
V;501060;;;Airline Equipm II SMC;34,89;;;;
V;501100;;;Control Vavles I SMC;34,25;;;;
V;501120;;;Control Vavles III SMC;28,38;;;;
V;501160;;;Fitting and Tubing I SMC;42,24;;;;
V;501230;;;Sensors and Switches I SMC;32,88;;;;
V;501240;;;Sensors and Switches II SMC;27,63;;;;
V;501260;;;Static Control II SMC;24,66;;;;
V;501300;;;Vacuum Products III SMC;15,18;;;;
V;501330;;;Other Pneumatics I SMC;14,49;;;;
V;501350;;;Other Pneumatics III SMC;32,88;;;;
V;501994;;;Solar Netto;50,00;;;;
V;502994;;;Solar Netto;50,00;;;;
V;503994;;;Solar Netto;50,00;;;;
V;504090;;;Backventil Rostfri/Syrafast;33,16;;;;
V;504994;;;Solar Netto;50,00;;;;
V;505994;;;Solar Netto;50,00;;;;
V;506994;;;Solar Netto;50,00;;;;
V;507994;;;Solar Netto;50,00;;;;
V;508994;;;Solar Netto;50,00;;;;
V;509994;;;Solar Netto;50,00;;;;
V;510994;;;Solar Netto;50,00;;;;
V;511994;;;Solar Netto;50,00;;;;
V;512994;;;Solar Netto;50,00;;;;
V;513994;;;Solar Netto;50,00;;;;
V;520100;;;Gedore BLÅ priser;2,00;;;;
V;520700;;;Kompressorer ABAC;13,27;;;;
V;520994;;;Solar Netto;50,00;;;;
A;;1502230;1502230;CLIPS TC8-12 VIT SP30 100ST;;;;65,85
A;;1600718;3880259;Centrumborr 18mmx152mm;;;;57,91
A;;1419643;;FLEXRÖR 20MM 100M/FP;;;;51,63
A;;1419642;;FLEXRÖR 16MM 100M/FP;;;;53,94
A;;1502260;;CLIPS TC14-19 VIT SP35 100ST;;;;71,05
A;;1600722;3880179;Centrumborr 22mmx152mm;;;;57,51
A;;1600768;3880191;Centrumborr 18mmx400mm;;;;63,60
A;;1600772;3880265;Centrumborr 22mmx400mm;;;;62,52
A;;1419692;;FLEXRÖR 16MM 50M/FP;;;;64,37
A;;1419693;;FLEXRÖR 20MM 50M/FP;;;;62,62
A;;1420001;;KOPPLINGSDOSA BP-201 850GR;;;;67,32
A;;1420051;;APPARATDOSA BP-202 850GR;;;;57,30
A;;9755387;;Projektering Solar Light;;;;100,00
A;;1437796;;KOPPLINGSDOSA AP9 IP65 UTAN PLINT VIT;;;;59,16
A;;4901333;;KABEL UTP KAT6 LSZH VIT K305;;;;81,68
A;;1414714;;FLEXRÖR 16 FQ 3G1,5 CPR R100;;;;54,85
A;;1414716;;FLEXRÖR 16 FQ 5G1,5 CPR R100;;;;56,21
A;;1414717;;FLEXRÖR 20 FQ 5G2,5 CPR R50;;;;61,82
A;;1414718;;FLEXRÖR 16 FQ 3G1,5 CPR TVINNAD R100;;;;57,33
A;;1414710;;FLEXRÖR 16 EQ 3G1,5 CPR R100;;;;60,49
A;;0441172;;FQ 1,5 450/750V OR R100;;;;79,43
A;;0441182;;FQ 1,5 450/750V VIT R100;;;;79,43
A;;0441192;;FQ 1,5 450/750V SV R100;;;;79,43
A;;0441212;;FQ 1,5 450/750V GRÅ R100;;;;79,43
A;;0441222;;FQ 1,5 450/750V BLÅ R100;;;;79,43
A;;0441232;;FQ 1,5 450/750V BR R100;;;;79,43
A;;0441242;;FQ 1,5 450/750V G/G R100;;;;79,43
A;;0441272;;FQ 2,5 450/750V VIT R100;;;;82,09
A;;0441282;;FQ 2,5 450/750V SV R100;;;;82,09
A;;0441302;;FQ 2,5 450/750V BLÅ R100;;;;82,09
A;;0441312;;FQ 2,5 450/750V BR R100;;;;82,09
A;;0441322;;FQ 2,5 450/750V G/G R100;;;;82,09
A;;0448501;;EXLQ 3G1,5 R50;;;;83,84
A;;0448541;;EXLQ 5G1,5 R50;;;;85,62
A;;0448551;;EXLQ 5G2,5 R50;;;;85,42
A;;0000755;;S1XZ1-R 5G6 1kV SVART T500;;;;77,60
A;;0000750;;S1XZ1-R 5G6 1kV SVART;;;;80,20
A;;0000770;;S1XZ1-R 5G16 1kV SVART;;;;80,50
A;;0000740;;S1XZ1-U 5G2,5 1kV SVART;;;;80,26
A;;0000760;;S1XZ1-R 5G10 1kV SVART;;;;80,02
A;;0041765;;RV-K 5G6 T500;;;;84,98
A;;0448504;;EXLQ 3G1,5 B250;;;;83,02
A;;0448543;;EXLQ 5G1,5 B150;;;;85,54
A;;0448553;;EXLQ 5G2,5 B150;;;;85,34
A;;1894863;;Lamppropp DCL för sladdmontage;;;;58,31
A;;1894866;;Lamputtag DCL tak utanpåliggande;;;;57,88
A;;1500914;;CLIPS SC-C4 14-18 VIT PH2 5X40;;;;62,84
A;;1500915;;CLIPS SC-C4 18-22 VIT PH2 5X40;;;;67,44
A;;0666718;;Kabelskyddsrör SRN 75mm Gul;;;;67,78
A;;0041750;;R2V-U 5G2,5;;;;86,78
A;;0041755;;R2V-U 5G2,5 T500;;;;85,47
A;;0041760;;RV-K 5G6;;;;85,56
A;;0041770;;RV-K 5G10;;;;84,26
A;;0041780;;RV-K 5G16;;;;85,90
A;;0666736;;Kabelskyddsrör SRN 110mm Gul;;;;70,34
A;;0666737;;Kabelskyddsrör SRN 160mm Gul;;;;67,76
A;;0666732;;Kabelskyddsrör SRN 50mm Gul;;;;69,05
A;;0468902;;EXQ 3G1,5 500V R100;;;;84,11
A;;0468903;;EXQ 3G1,5 500V B300;;;;84,11
A;;0468931;;EXQ 3G2,5 500V R100;;;;82,65
A;;0468934;;EXQ 3G2,5 500V B250;;;;82,65
A;;0468921;;EXQ 5G1,5 500V R100;;;;84,53
A;;0468924;;EXQ 5G1,5 500V B250;;;;84,54
A;;0468951;;EXQ 5G2,5 500V R50;;;;83,61
A;;0468953;;EXQ 5G2,5 500V B200;;;;83,60
A;;0468912;;EXQ 4G1,5 500V R100;;;;83,80
A;;0468913;;EXQ 4G1,5 500V B300;;;;83,38
A;;9797936;;MASCOT PRODUCTS;;;;12,00
A;;9797937;;MASCOT SHOES;;;;12,00
A;;99444843;;MASCOT PRODUCTS;;;;12,00
A;;99444847;;MASCOT SHOES;;;;12,00
